{
"meta":{"test_sets":[],"test_metrics":[],"learn_metrics":[{"best_value":"Min","name":"RMSE"}],"launch_mode":"Train","parameters":"","iteration_count":1000,"learn_sets":["learn"],"name":"experiment"},
"iterations":[
{"learn":[3.024793921],"iteration":0,"passed_time":0.0002475400206,"remaining_time":0.2472924806},
{"learn":[2.951698547],"iteration":1,"passed_time":0.0004039139808,"remaining_time":0.2015530764},
{"learn":[2.884307657],"iteration":2,"passed_time":0.0005144549124,"remaining_time":0.1709705159},
{"learn":[2.813809539],"iteration":3,"passed_time":0.0007389534196,"remaining_time":0.1839994015},
{"learn":[2.754060176],"iteration":4,"passed_time":0.0008996190179,"remaining_time":0.1790241846},
{"learn":[2.693081811],"iteration":5,"passed_time":0.001061117944,"remaining_time":0.1757918727},
{"learn":[2.635192216],"iteration":6,"passed_time":0.00128724144,"remaining_time":0.1826043929},
{"learn":[2.57802465],"iteration":7,"passed_time":0.001369782558,"remaining_time":0.1698530372},
{"learn":[2.521953753],"iteration":8,"passed_time":0.001541989746,"remaining_time":0.1697902043},
{"learn":[2.465664598],"iteration":9,"passed_time":0.001743655072,"remaining_time":0.1726218521},
{"learn":[2.414158013],"iteration":10,"passed_time":0.001954070339,"remaining_time":0.1756886878},
{"learn":[2.368299719],"iteration":11,"passed_time":0.002167860584,"remaining_time":0.1784871881},
{"learn":[2.319348081],"iteration":12,"passed_time":0.00222215189,"remaining_time":0.1687126089},
{"learn":[2.26753575],"iteration":13,"passed_time":0.002398859048,"remaining_time":0.1689482158},
{"learn":[2.21903177],"iteration":14,"passed_time":0.002486483466,"remaining_time":0.1632790809},
{"learn":[2.170897635],"iteration":15,"passed_time":0.002722148565,"remaining_time":0.1674121368},
{"learn":[2.121945069],"iteration":16,"passed_time":0.002893272427,"remaining_time":0.1672992233},
{"learn":[2.076985695],"iteration":17,"passed_time":0.003028979858,"remaining_time":0.1652476789},
{"learn":[2.031972279],"iteration":18,"passed_time":0.003174187226,"remaining_time":0.1638882984},
{"learn":[1.988818295],"iteration":19,"passed_time":0.00329889473,"remaining_time":0.1616458418},
{"learn":[1.946293282],"iteration":20,"passed_time":0.003395269089,"remaining_time":0.1582842114},
{"learn":[1.918996283],"iteration":21,"passed_time":0.003458560335,"remaining_time":0.1537487276},
{"learn":[1.883484985],"iteration":22,"passed_time":0.003526559883,"remaining_time":0.1498021307},
{"learn":[1.841849461],"iteration":23,"passed_time":0.003709142002,"remaining_time":0.1508384414},
{"learn":[1.805064478],"iteration":24,"passed_time":0.004566719633,"remaining_time":0.1781020657},
{"learn":[1.769078219],"iteration":25,"passed_time":0.004726426904,"remaining_time":0.1770592233},
{"learn":[1.736705223],"iteration":26,"passed_time":0.004890300815,"remaining_time":0.1762319516},
{"learn":[1.704063226],"iteration":27,"passed_time":0.00502375826,"remaining_time":0.1743961796},
{"learn":[1.671701599],"iteration":28,"passed_time":0.005198882096,"remaining_time":0.1740729143},
{"learn":[1.641308312],"iteration":29,"passed_time":0.00533167288,"remaining_time":0.1723907564},
{"learn":[1.612285681],"iteration":30,"passed_time":0.005523379938,"remaining_time":0.1726501665},
{"learn":[1.580200452],"iteration":31,"passed_time":0.005720836958,"remaining_time":0.173055318},
{"learn":[1.551637492],"iteration":32,"passed_time":0.00587904424,"remaining_time":0.1722738115},
{"learn":[1.518785284],"iteration":33,"passed_time":0.006058251381,"remaining_time":0.1721256128},
{"learn":[1.49163292],"iteration":34,"passed_time":0.006313791349,"remaining_time":0.1740802472},
{"learn":[1.462766619],"iteration":35,"passed_time":0.006522914958,"remaining_time":0.1746691672},
{"learn":[1.437645666],"iteration":36,"passed_time":0.00666299736,"remaining_time":0.1734180124},
{"learn":[1.415021412],"iteration":37,"passed_time":0.00686957932,"remaining_time":0.1739088238},
{"learn":[1.396125477],"iteration":38,"passed_time":0.006958870393,"remaining_time":0.1714737038},
{"learn":[1.371822854],"iteration":39,"passed_time":0.00725145178,"remaining_time":0.1740348427},
{"learn":[1.349770794],"iteration":40,"passed_time":0.007515575024,"remaining_time":0.1757911329},
{"learn":[1.329380491],"iteration":41,"passed_time":0.007754365103,"remaining_time":0.1768733754},
{"learn":[1.30730783],"iteration":42,"passed_time":0.007887780882,"remaining_time":0.1755489838},
{"learn":[1.287521697],"iteration":43,"passed_time":0.008152570788,"remaining_time":0.1771331289},
{"learn":[1.267656492],"iteration":44,"passed_time":0.008376027636,"remaining_time":0.1777579198},
{"learn":[1.250583393],"iteration":45,"passed_time":0.00852427665,"remaining_time":0.1767860853},
{"learn":[1.231977568],"iteration":46,"passed_time":0.008664984048,"remaining_time":0.1756963787},
{"learn":[1.214350583],"iteration":47,"passed_time":0.008857857765,"remaining_time":0.1756808457},
{"learn":[1.196015423],"iteration":48,"passed_time":0.009033481597,"remaining_time":0.1753232857},
{"learn":[1.178659597],"iteration":49,"passed_time":0.009153605798,"remaining_time":0.1739185102},
{"learn":[1.161932234],"iteration":50,"passed_time":0.009328354636,"remaining_time":0.1735805598},
{"learn":[1.149629071],"iteration":51,"passed_time":0.009469270366,"remaining_time":0.1726320828},
{"learn":[1.132908342],"iteration":52,"passed_time":0.009599436167,"remaining_time":0.1715220009},
{"learn":[1.118255055],"iteration":53,"passed_time":0.009784101606,"remaining_time":0.1714029652},
{"learn":[1.102754148],"iteration":54,"passed_time":0.009924767337,"remaining_time":0.1705255479},
{"learn":[1.087299418],"iteration":55,"passed_time":0.01028180663,"remaining_time":0.1733218832},
{"learn":[1.072153256],"iteration":56,"passed_time":0.01054851319,"remaining_time":0.1745131217},
{"learn":[1.0585295],"iteration":57,"passed_time":0.01079109491,"remaining_time":0.1752622656},
{"learn":[1.042945691],"iteration":58,"passed_time":0.01141659075,"remaining_time":0.1820849474},
{"learn":[1.029722938],"iteration":59,"passed_time":0.01153750661,"remaining_time":0.1807542703},
{"learn":[1.014754614],"iteration":60,"passed_time":0.01170900547,"remaining_time":0.1802419039},
{"learn":[1.003551184],"iteration":61,"passed_time":0.01182912967,"remaining_time":0.1789632844},
{"learn":[0.9908026633],"iteration":62,"passed_time":0.01199262859,"remaining_time":0.1783665553},
{"learn":[0.9788548825],"iteration":63,"passed_time":0.01220716883,"remaining_time":0.1785298441},
{"learn":[0.9692804094],"iteration":64,"passed_time":0.01233558464,"remaining_time":0.1774426406},
{"learn":[0.9585509346],"iteration":65,"passed_time":0.01247337539,"remaining_time":0.1765171608},
{"learn":[0.9485152151],"iteration":66,"passed_time":0.01263170767,"remaining_time":0.1759012426},
{"learn":[0.9401970887],"iteration":67,"passed_time":0.01276158181,"remaining_time":0.1749087389},
{"learn":[0.9298504739],"iteration":68,"passed_time":0.01296595545,"remaining_time":0.1749464423},
{"learn":[0.9231841385],"iteration":69,"passed_time":0.01301633011,"remaining_time":0.1729312429},
{"learn":[0.9132490714],"iteration":70,"passed_time":0.01342961903,"remaining_time":0.1757199448},
{"learn":[0.9042862548],"iteration":71,"passed_time":0.0136040762,"remaining_time":0.1753414266},
{"learn":[0.8961052945],"iteration":72,"passed_time":0.01378924164,"remaining_time":0.1751044795},
{"learn":[0.8893643501],"iteration":73,"passed_time":0.01411432281,"remaining_time":0.1766197692},
{"learn":[0.8811809702],"iteration":74,"passed_time":0.01424961358,"remaining_time":0.1757452341},
{"learn":[0.8728826944],"iteration":75,"passed_time":0.01437448775,"remaining_time":0.1747635089},
{"learn":[0.8635608791],"iteration":76,"passed_time":0.01477736007,"remaining_time":0.1771364071},
{"learn":[0.8543518141],"iteration":77,"passed_time":0.01498873366,"remaining_time":0.1771745184},
{"learn":[0.8453786149],"iteration":78,"passed_time":0.01519414896,"remaining_time":0.1771368506},
{"learn":[0.8369472014],"iteration":79,"passed_time":0.01539585596,"remaining_time":0.1770523435},
{"learn":[0.8280378359],"iteration":80,"passed_time":0.01553518836,"remaining_time":0.1762572606},
{"learn":[0.8218851507],"iteration":81,"passed_time":0.01568347904,"remaining_time":0.1755784605},
{"learn":[0.8134295226],"iteration":82,"passed_time":0.01580701989,"remaining_time":0.1746390029},
{"learn":[0.8047485969],"iteration":83,"passed_time":0.01595668556,"remaining_time":0.1740038568},
{"learn":[0.7972538246],"iteration":84,"passed_time":0.01613301772,"remaining_time":0.1736671908},
{"learn":[0.7897088143],"iteration":85,"passed_time":0.01625372525,"remaining_time":0.17274308},
{"learn":[0.784073705],"iteration":86,"passed_time":0.01647543211,"remaining_time":0.1728973508},
{"learn":[0.7781350681],"iteration":87,"passed_time":0.01677901343,"remaining_time":0.1738915937},
{"learn":[0.770290764],"iteration":88,"passed_time":0.0169077209,"remaining_time":0.1730666713},
{"learn":[0.7638843071],"iteration":89,"passed_time":0.01702097015,"remaining_time":0.1721009204},
{"learn":[0.7581729943],"iteration":90,"passed_time":0.01725159362,"remaining_time":0.1723263582},
{"learn":[0.7521187305],"iteration":91,"passed_time":0.01737200948,"remaining_time":0.1714541805},
{"learn":[0.7451542627],"iteration":92,"passed_time":0.01750238362,"remaining_time":0.1706952897},
{"learn":[0.7400495949],"iteration":93,"passed_time":0.01777217349,"remaining_time":0.1712935019},
{"learn":[0.7350449886],"iteration":94,"passed_time":0.01797350548,"remaining_time":0.1712212891},
{"learn":[0.7302318218],"iteration":95,"passed_time":0.01817862912,"remaining_time":0.1711820909},
{"learn":[0.7249016069],"iteration":96,"passed_time":0.0184516273,"remaining_time":0.1717713346},
{"learn":[0.7187776519],"iteration":97,"passed_time":0.01872320883,"remaining_time":0.1723299425},
{"learn":[0.714439501],"iteration":98,"passed_time":0.01888416609,"remaining_time":0.1718649864},
{"learn":[0.7098856291],"iteration":99,"passed_time":0.01915245598,"remaining_time":0.1723721038},
{"learn":[0.7042396899],"iteration":100,"passed_time":0.01933041313,"remaining_time":0.1720598158},
{"learn":[0.6987936834],"iteration":101,"passed_time":0.01963557776,"remaining_time":0.1728700866},
{"learn":[0.6947559425],"iteration":102,"passed_time":0.01976907688,"remaining_time":0.1721637083},
{"learn":[0.689091582],"iteration":103,"passed_time":0.01993128413,"remaining_time":0.1717156787},
{"learn":[0.6853761255],"iteration":104,"passed_time":0.02020369899,"remaining_time":0.1722124818},
{"learn":[0.6824909656],"iteration":105,"passed_time":0.02030778163,"remaining_time":0.1712750639},
{"learn":[0.6774923757],"iteration":106,"passed_time":0.02052886349,"remaining_time":0.1713296738},
{"learn":[0.6749147336],"iteration":107,"passed_time":0.02065169601,"remaining_time":0.1705677115},
{"learn":[0.6720291363],"iteration":108,"passed_time":0.02071115394,"remaining_time":0.1692994327},
{"learn":[0.6677594249],"iteration":109,"passed_time":0.0208977777,"remaining_time":0.1690820196},
{"learn":[0.6643661374],"iteration":110,"passed_time":0.02112090122,"remaining_time":0.1691574882},
{"learn":[0.6596473735],"iteration":111,"passed_time":0.0213143166,"remaining_time":0.1689920816},
{"learn":[0.6569093718],"iteration":112,"passed_time":0.02143602412,"remaining_time":0.1682633044},
{"learn":[0.6521170735],"iteration":113,"passed_time":0.02175623033,"remaining_time":0.1690878954},
{"learn":[0.6477420138],"iteration":114,"passed_time":0.02195118737,"remaining_time":0.1689287028},
{"learn":[0.6445703035],"iteration":115,"passed_time":0.02207014491,"remaining_time":0.168189725},
{"learn":[0.6410694023],"iteration":116,"passed_time":0.02226593527,"remaining_time":0.1680412038},
{"learn":[0.6371811353],"iteration":117,"passed_time":0.0225220169,"remaining_time":0.1683425331},
{"learn":[0.6334934134],"iteration":118,"passed_time":0.02274747374,"remaining_time":0.1684077678},
{"learn":[0.6296768032],"iteration":119,"passed_time":0.02294318077,"remaining_time":0.1682499923},
{"learn":[0.6262936061],"iteration":120,"passed_time":0.02306538829,"remaining_time":0.1675576554},
{"learn":[0.6232453497],"iteration":121,"passed_time":0.02324592876,"remaining_time":0.1672944709},
{"learn":[0.6203452453],"iteration":122,"passed_time":0.02339826108,"remaining_time":0.1668315038},
{"learn":[0.6171439635],"iteration":123,"passed_time":0.02356525997,"remaining_time":0.1664771591},
{"learn":[0.6140881139],"iteration":124,"passed_time":0.02381475831,"remaining_time":0.1667033081},
{"learn":[0.610766734],"iteration":125,"passed_time":0.02408813149,"remaining_time":0.1670875153},
{"learn":[0.6084452915],"iteration":126,"passed_time":0.02435758803,"remaining_time":0.1674344437},
{"learn":[0.6053682431],"iteration":127,"passed_time":0.02456079501,"remaining_time":0.167320416},
{"learn":[0.6025986387],"iteration":128,"passed_time":0.02469362746,"remaining_time":0.1667298412},
{"learn":[0.5998655798],"iteration":129,"passed_time":0.02483262654,"remaining_time":0.1661875776},
{"learn":[0.5977010015],"iteration":130,"passed_time":0.02503783351,"remaining_time":0.1660906665},
{"learn":[0.5947265218],"iteration":131,"passed_time":0.02515899937,"remaining_time":0.1654394807},
{"learn":[0.5925064016],"iteration":132,"passed_time":0.02534562313,"remaining_time":0.1652229718},
{"learn":[0.5903657199],"iteration":133,"passed_time":0.02556428834,"remaining_time":0.1652139829},
{"learn":[0.5886555337],"iteration":134,"passed_time":0.02582274495,"remaining_time":0.1654568473},
{"learn":[0.5854768144],"iteration":135,"passed_time":0.02605732673,"remaining_time":0.1655406639},
{"learn":[0.5835177144],"iteration":136,"passed_time":0.0262978668,"remaining_time":0.1656573653},
{"learn":[0.5806589213],"iteration":137,"passed_time":0.02652407362,"remaining_time":0.1656793584},
{"learn":[0.5779303895],"iteration":138,"passed_time":0.0266434895,"remaining_time":0.1650362911},
{"learn":[0.5751764423],"iteration":139,"passed_time":0.02697548729,"remaining_time":0.1657065648},
{"learn":[0.5728318882],"iteration":140,"passed_time":0.02711348637,"remaining_time":0.1651807432},
{"learn":[0.5697148589],"iteration":141,"passed_time":0.02723548556,"remaining_time":0.1645637085},
{"learn":[0.5673023223],"iteration":142,"passed_time":0.02735402644,"remaining_time":0.1639328717},
{"learn":[0.5647549684],"iteration":143,"passed_time":0.02749494217,"remaining_time":0.1634421562},
{"learn":[0.5619598238],"iteration":144,"passed_time":0.02794756416,"remaining_time":0.1647942576},
{"learn":[0.5596675331],"iteration":145,"passed_time":0.02829285353,"remaining_time":0.1654938145},
{"learn":[0.5572903854],"iteration":146,"passed_time":0.02851581038,"remaining_time":0.1654692942},
{"learn":[0.5560550489],"iteration":147,"passed_time":0.02861639304,"remaining_time":0.164737614},
{"learn":[0.5529714882],"iteration":148,"passed_time":0.02875047549,"remaining_time":0.1642057358},
{"learn":[0.5506769305],"iteration":149,"passed_time":0.02912072302,"remaining_time":0.1650174305},
{"learn":[0.5487909863],"iteration":150,"passed_time":0.02927563866,"remaining_time":0.1646027631},
{"learn":[0.5468977797],"iteration":151,"passed_time":0.02957197002,"remaining_time":0.1649804643},
{"learn":[0.5454389578],"iteration":152,"passed_time":0.02974967718,"remaining_time":0.1646926573},
{"learn":[0.5437547957],"iteration":153,"passed_time":0.02986909305,"remaining_time":0.1640860566},
{"learn":[0.5423857998],"iteration":154,"passed_time":0.02996184243,"remaining_time":0.1633403668},
{"learn":[0.5401403531],"iteration":155,"passed_time":0.03008313329,"remaining_time":0.1627574647},
{"learn":[0.5376740991],"iteration":156,"passed_time":0.03026750707,"remaining_time":0.1625191621},
{"learn":[0.5355088596],"iteration":157,"passed_time":0.03046483909,"remaining_time":0.1623505982},
{"learn":[0.5330713873],"iteration":158,"passed_time":0.03078783694,"remaining_time":0.1628463576},
{"learn":[0.5310585138],"iteration":159,"passed_time":0.03106862674,"remaining_time":0.1631102904},
{"learn":[0.5293196577],"iteration":160,"passed_time":0.03126012546,"remaining_time":0.1629021445},
{"learn":[0.5273217447],"iteration":161,"passed_time":0.03142683269,"remaining_time":0.1625659617},
{"learn":[0.5248070785],"iteration":162,"passed_time":0.03154937354,"remaining_time":0.1620050654},
{"learn":[0.5232686723],"iteration":163,"passed_time":0.03180395518,"remaining_time":0.1621226008},
{"learn":[0.5211647447],"iteration":164,"passed_time":0.03206970341,"remaining_time":0.1622921355},
{"learn":[0.5196299021],"iteration":165,"passed_time":0.03233041001,"remaining_time":0.1624310961},
{"learn":[0.5178821918],"iteration":166,"passed_time":0.03264607458,"remaining_time":0.162839402},
{"learn":[0.5158040477],"iteration":167,"passed_time":0.03281624012,"remaining_time":0.1625185225},
{"learn":[0.5145378256],"iteration":168,"passed_time":0.03304503026,"remaining_time":0.1624876932},
{"learn":[0.5121757682],"iteration":169,"passed_time":0.03332457007,"remaining_time":0.1627023127},
{"learn":[0.5109039334],"iteration":170,"passed_time":0.03345798585,"remaining_time":0.1622027501},
{"learn":[0.508992071],"iteration":171,"passed_time":0.03358415168,"remaining_time":0.1616725441},
{"learn":[0.5077746855],"iteration":172,"passed_time":0.03373565067,"remaining_time":0.1612681104},
{"learn":[0.5053839048],"iteration":173,"passed_time":0.03400752386,"remaining_time":0.1614380156},
{"learn":[0.5031405789],"iteration":174,"passed_time":0.03417327276,"remaining_time":0.1611025716},
{"learn":[0.5010137721],"iteration":175,"passed_time":0.03450222891,"remaining_time":0.1615331626},
{"learn":[0.4996959602],"iteration":176,"passed_time":0.03479601862,"remaining_time":0.1617916572},
{"learn":[0.4984335149],"iteration":177,"passed_time":0.03506280851,"remaining_time":0.1619192618},
{"learn":[0.4972339522],"iteration":178,"passed_time":0.03522389077,"remaining_time":0.1615576219},
{"learn":[0.4956924183],"iteration":179,"passed_time":0.03550726389,"remaining_time":0.1617553133},
{"learn":[0.4940491438],"iteration":180,"passed_time":0.03566188786,"remaining_time":0.1613651169},
{"learn":[0.4926418516],"iteration":181,"passed_time":0.03590021961,"remaining_time":0.1613537343},
{"learn":[0.4914834077],"iteration":182,"passed_time":0.03603805203,"remaining_time":0.160891194},
{"learn":[0.4904456881],"iteration":183,"passed_time":0.03624030068,"remaining_time":0.1607178552},
{"learn":[0.4890947031],"iteration":184,"passed_time":0.03637113314,"remaining_time":0.1602295866},
{"learn":[0.4872797445],"iteration":185,"passed_time":0.03663129808,"remaining_time":0.1603111647},
{"learn":[0.486406526],"iteration":186,"passed_time":0.03674825564,"remaining_time":0.1597664804},
{"learn":[0.4853620337],"iteration":187,"passed_time":0.03758970838,"remaining_time":0.1623555489},
{"learn":[0.4844990755],"iteration":188,"passed_time":0.03772570747,"remaining_time":0.1618812104},
{"learn":[0.4834448497],"iteration":189,"passed_time":0.03803587208,"remaining_time":0.1621529283},
{"learn":[0.4826080776],"iteration":190,"passed_time":0.0381572046,"remaining_time":0.1616187357},
{"learn":[0.4806293941],"iteration":191,"passed_time":0.03834924499,"remaining_time":0.161386406},
{"learn":[0.4797880683],"iteration":192,"passed_time":0.03850836893,"remaining_time":0.1610168587},
{"learn":[0.4782587006],"iteration":193,"passed_time":0.03864032639,"remaining_time":0.1605366138},
{"learn":[0.4771868454],"iteration":194,"passed_time":0.0387792838,"remaining_time":0.1600888382},
{"learn":[0.4763303179],"iteration":195,"passed_time":0.03899044906,"remaining_time":0.1599404135},
{"learn":[0.47465029],"iteration":196,"passed_time":0.03912090653,"remaining_time":0.1594623753},
{"learn":[0.473966846],"iteration":197,"passed_time":0.03928369711,"remaining_time":0.1591188135},
{"learn":[0.4729948323],"iteration":198,"passed_time":0.0395566953,"remaining_time":0.159220668},
{"learn":[0.472183273],"iteration":199,"passed_time":0.03977444385,"remaining_time":0.1590977754},
{"learn":[0.4704054822],"iteration":200,"passed_time":0.03996631757,"remaining_time":0.1588710833},
{"learn":[0.4695610643],"iteration":201,"passed_time":0.04009823336,"remaining_time":0.1584078724},
{"learn":[0.4681364964],"iteration":202,"passed_time":0.04026277393,"remaining_time":0.1580760139},
{"learn":[0.466354164],"iteration":203,"passed_time":0.04038264814,"remaining_time":0.1575715094},
{"learn":[0.4651150443],"iteration":204,"passed_time":0.04054923036,"remaining_time":0.1572518934},
{"learn":[0.4638150873],"iteration":205,"passed_time":0.04069072942,"remaining_time":0.1568370833},
{"learn":[0.4631168188],"iteration":206,"passed_time":0.04091214462,"remaining_time":0.1567310661},
{"learn":[0.4621960658],"iteration":207,"passed_time":0.04110143502,"remaining_time":0.156501618},
{"learn":[0.4606373026],"iteration":208,"passed_time":0.04122160089,"remaining_time":0.1560109393},
{"learn":[0.4596585231],"iteration":209,"passed_time":0.04139972471,"remaining_time":0.1557418215},
{"learn":[0.4584792993],"iteration":210,"passed_time":0.04163976478,"remaining_time":0.155705092},
{"learn":[0.457155176],"iteration":211,"passed_time":0.04185359669,"remaining_time":0.1555690292},
{"learn":[0.4563352751],"iteration":212,"passed_time":0.04199467908,"remaining_time":0.1551634387},
{"learn":[0.45571358],"iteration":213,"passed_time":0.04218521948,"remaining_time":0.1549419744},
{"learn":[0.4546999107],"iteration":214,"passed_time":0.04230913533,"remaining_time":0.1544775406},
{"learn":[0.4526820951],"iteration":215,"passed_time":0.04247563422,"remaining_time":0.1541708205},
{"learn":[0.4519065397],"iteration":216,"passed_time":0.0426180916,"remaining_time":0.1537786439},
{"learn":[0.4509623876],"iteration":217,"passed_time":0.04285371504,"remaining_time":0.1537229594},
{"learn":[0.4493657635],"iteration":218,"passed_time":0.04301121399,"remaining_time":0.1533870234},
{"learn":[0.4488061781],"iteration":219,"passed_time":0.04325262905,"remaining_time":0.1533502303},
{"learn":[0.4475190612],"iteration":220,"passed_time":0.04358112687,"remaining_time":0.1536185422},
{"learn":[0.4462584016],"iteration":221,"passed_time":0.04377966721,"remaining_time":0.153426041},
{"learn":[0.444766907],"iteration":222,"passed_time":0.04393437452,"remaining_time":0.1530807579},
{"learn":[0.4437693771],"iteration":223,"passed_time":0.04417391459,"remaining_time":0.1530310613},
{"learn":[0.4430885553],"iteration":224,"passed_time":0.04435437173,"remaining_time":0.1527761693},
{"learn":[0.441709863],"iteration":225,"passed_time":0.04450570405,"remaining_time":0.15242219},
{"learn":[0.4410671918],"iteration":226,"passed_time":0.04467503626,"remaining_time":0.1521312909},
{"learn":[0.4405285197],"iteration":227,"passed_time":0.04496390934,"remaining_time":0.1522462193},
{"learn":[0.4390952903],"iteration":228,"passed_time":0.04509095016,"remaining_time":0.1518127623},
{"learn":[0.4385999386],"iteration":229,"passed_time":0.04522903258,"remaining_time":0.1514189351},
{"learn":[0.4380465906],"iteration":230,"passed_time":0.04554315549,"remaining_time":0.1516133618},
{"learn":[0.4375104211],"iteration":231,"passed_time":0.04566436301,"remaining_time":0.1511647879},
{"learn":[0.4369643216],"iteration":232,"passed_time":0.0458566534,"remaining_time":0.1509530179},
{"learn":[0.4363888461],"iteration":233,"passed_time":0.0461934845,"remaining_time":0.1512145689},
{"learn":[0.4354987086],"iteration":234,"passed_time":0.0465133157,"remaining_time":0.1514156873},
{"learn":[0.4346016565],"iteration":235,"passed_time":0.04670973106,"remaining_time":0.1512128582},
{"learn":[0.4338581779],"iteration":236,"passed_time":0.04698668756,"remaining_time":0.1512693781},
{"learn":[0.4324692098],"iteration":237,"passed_time":0.04730497711,"remaining_time":0.1514554309},
{"learn":[0.4314528081],"iteration":238,"passed_time":0.04753222559,"remaining_time":0.1513473794},
{"learn":[0.4301886987],"iteration":239,"passed_time":0.04766001641,"remaining_time":0.1509233853},
{"learn":[0.4289824212],"iteration":240,"passed_time":0.04785518178,"remaining_time":0.1507140372},
{"learn":[0.4284974061],"iteration":241,"passed_time":0.04802084735,"remaining_time":0.1504124061},
{"learn":[0.427387758],"iteration":242,"passed_time":0.0483381369,"remaining_time":0.1505842372},
{"learn":[0.426141419],"iteration":243,"passed_time":0.04847305267,"remaining_time":0.1501869993},
{"learn":[0.4256870774],"iteration":244,"passed_time":0.04859459353,"remaining_time":0.1497506862},
{"learn":[0.4245538351],"iteration":245,"passed_time":0.04878650892,"remaining_time":0.149532633},
{"learn":[0.4240980326],"iteration":246,"passed_time":0.04894517453,"remaining_time":0.1492134268},
{"learn":[0.4233426593],"iteration":247,"passed_time":0.04913333995,"remaining_time":0.1489849663},
{"learn":[0.4216389906],"iteration":248,"passed_time":0.04942300469,"remaining_time":0.1490629579},
{"learn":[0.420491457],"iteration":249,"passed_time":0.04973604427,"remaining_time":0.1492081328},
{"learn":[0.4193882429],"iteration":250,"passed_time":0.04985671014,"remaining_time":0.1487756012},
{"learn":[0.4190379916],"iteration":251,"passed_time":0.0500119591,"remaining_time":0.1484481961},
{"learn":[0.4186266168],"iteration":252,"passed_time":0.05021220777,"remaining_time":0.1482550166},
{"learn":[0.4170432528],"iteration":253,"passed_time":0.05034054025,"remaining_time":0.1478505631},
{"learn":[0.4164742771],"iteration":254,"passed_time":0.05045820614,"remaining_time":0.147417112},
{"learn":[0.4157750732],"iteration":255,"passed_time":0.05058212198,"remaining_time":0.147004292},
{"learn":[0.4152590285],"iteration":256,"passed_time":0.05076107912,"remaining_time":0.1467528474},
{"learn":[0.4145993703],"iteration":257,"passed_time":0.05100732749,"remaining_time":0.1466954922},
{"learn":[0.4136820382],"iteration":258,"passed_time":0.0511449099,"remaining_time":0.1463257847},
{"learn":[0.4126104066],"iteration":259,"passed_time":0.05131995041,"remaining_time":0.1460644742},
{"learn":[0.4119597632],"iteration":260,"passed_time":0.05144553291,"remaining_time":0.1456637886},
{"learn":[0.4102903816],"iteration":261,"passed_time":0.05165623984,"remaining_time":0.1455049809},
{"learn":[0.4092841899],"iteration":262,"passed_time":0.05189132161,"remaining_time":0.1454140837},
{"learn":[0.4085717708],"iteration":263,"passed_time":0.05204523725,"remaining_time":0.1450958129},
{"learn":[0.4071365436],"iteration":264,"passed_time":0.05228236067,"remaining_time":0.1450095664},
{"learn":[0.4062178329],"iteration":265,"passed_time":0.0524086515,"remaining_time":0.1446163541},
{"learn":[0.4056824113],"iteration":266,"passed_time":0.0525245674,"remaining_time":0.1441966588},
{"learn":[0.4052750231],"iteration":267,"passed_time":0.05282981537,"remaining_time":0.1442963614},
{"learn":[0.4045606295],"iteration":268,"passed_time":0.05302335575,"remaining_time":0.1440894909},
{"learn":[0.4042346534],"iteration":269,"passed_time":0.05326510414,"remaining_time":0.1440130593},
{"learn":[0.4033621629],"iteration":270,"passed_time":0.05360818519,"remaining_time":0.1442079963},
{"learn":[0.4024709175],"iteration":271,"passed_time":0.0537477676,"remaining_time":0.1438543192},
{"learn":[0.4019537852],"iteration":272,"passed_time":0.05387068345,"remaining_time":0.1434578273},
{"learn":[0.4012251577],"iteration":273,"passed_time":0.05409805693,"remaining_time":0.1433401071},
{"learn":[0.4007189535],"iteration":274,"passed_time":0.05433176371,"remaining_time":0.1432382862},
{"learn":[0.4002561422],"iteration":275,"passed_time":0.05473292771,"remaining_time":0.1435747814},
{"learn":[0.399572465],"iteration":276,"passed_time":0.05499375931,"remaining_time":0.1435396678},
{"learn":[0.3990785018],"iteration":277,"passed_time":0.05518459138,"remaining_time":0.143321133},
{"learn":[0.3981470682],"iteration":278,"passed_time":0.05544546464,"remaining_time":0.1432837993},
{"learn":[0.3977293699],"iteration":279,"passed_time":0.05557358879,"remaining_time":0.142903514},
{"learn":[0.3972488793],"iteration":280,"passed_time":0.0558777951,"remaining_time":0.1429755682},
{"learn":[0.3966854109],"iteration":281,"passed_time":0.05612533512,"remaining_time":0.1429006759},
{"learn":[0.395482562],"iteration":282,"passed_time":0.05640220828,"remaining_time":0.142898881},
{"learn":[0.394672264],"iteration":283,"passed_time":0.05660137362,"remaining_time":0.1426992377},
{"learn":[0.3940430953],"iteration":284,"passed_time":0.05682320548,"remaining_time":0.1425564629},
{"learn":[0.3933218407],"iteration":285,"passed_time":0.05700170429,"remaining_time":0.1423049541},
{"learn":[0.3928627173],"iteration":286,"passed_time":0.05718261976,"remaining_time":0.1420599578},
{"learn":[0.3925356384],"iteration":287,"passed_time":0.05730724393,"remaining_time":0.1416762419},
{"learn":[0.3911756313],"iteration":288,"passed_time":0.05753411742,"remaining_time":0.1415458736},
{"learn":[0.3904279992],"iteration":289,"passed_time":0.05771419955,"remaining_time":0.1413002817},
{"learn":[0.3895872044],"iteration":290,"passed_time":0.058047489,"remaining_time":0.1414284182},
{"learn":[0.389030647],"iteration":291,"passed_time":0.05831927886,"remaining_time":0.1414042789},
{"learn":[0.3884922353],"iteration":292,"passed_time":0.05859119372,"remaining_time":0.1413787507},
{"learn":[0.3880802648],"iteration":293,"passed_time":0.05895360798,"remaining_time":0.1415688681},
{"learn":[0.387821342],"iteration":294,"passed_time":0.05932910548,"remaining_time":0.1417865063},
{"learn":[0.3867491241],"iteration":295,"passed_time":0.05952264586,"remaining_time":0.1415673739},
{"learn":[0.3859978151],"iteration":296,"passed_time":0.05979476905,"remaining_time":0.1415344197},
{"learn":[0.3851747056],"iteration":297,"passed_time":0.05994355973,"remaining_time":0.1412093253},
{"learn":[0.3844590216],"iteration":298,"passed_time":0.06023818277,"remaining_time":0.1412273114},
{"learn":[0.3839113127],"iteration":299,"passed_time":0.06043688978,"remaining_time":0.1410194095},
{"learn":[0.3827702277],"iteration":300,"passed_time":0.06058326381,"remaining_time":0.1406900379},
{"learn":[0.3824418045],"iteration":301,"passed_time":0.06077717919,"remaining_time":0.1404717585},
{"learn":[0.3821267162],"iteration":302,"passed_time":0.06096246962,"remaining_time":0.1402337998},
{"learn":[0.3813432714],"iteration":303,"passed_time":0.06115963498,"remaining_time":0.1400233748},
{"learn":[0.3808185736],"iteration":304,"passed_time":0.06135255036,"remaining_time":0.1398033525},
{"learn":[0.3804982877],"iteration":305,"passed_time":0.06157517388,"remaining_time":0.1396508846},
{"learn":[0.3799701316],"iteration":306,"passed_time":0.06173217284,"remaining_time":0.1393498234},
{"learn":[0.3795740977],"iteration":307,"passed_time":0.06190404669,"remaining_time":0.1390831179},
{"learn":[0.3793452621],"iteration":308,"passed_time":0.0620432541,"remaining_time":0.138743976},
{"learn":[0.3785863318],"iteration":309,"passed_time":0.0622246279,"remaining_time":0.1384999782},
{"learn":[0.3783262424],"iteration":310,"passed_time":0.06244220978,"remaining_time":0.1383365998},
{"learn":[0.3776919267],"iteration":311,"passed_time":0.06265320838,"remaining_time":0.1381583569},
{"learn":[0.3773016956],"iteration":312,"passed_time":0.06287941521,"remaining_time":0.1380132851},
{"learn":[0.3769388953],"iteration":313,"passed_time":0.06322849622,"remaining_time":0.1381361414},
{"learn":[0.3760834321],"iteration":314,"passed_time":0.063362162,"remaining_time":0.1377875586},
{"learn":[0.3754777062],"iteration":315,"passed_time":0.06361320199,"remaining_time":0.1376943993},
{"learn":[0.3751220103],"iteration":316,"passed_time":0.06382361726,"remaining_time":0.1375127148},
{"learn":[0.3744577074],"iteration":317,"passed_time":0.064013866,"remaining_time":0.1372875994},
{"learn":[0.3740046932],"iteration":318,"passed_time":0.06414990676,"remaining_time":0.1369469796},
{"learn":[0.3733554512],"iteration":319,"passed_time":0.06435840537,"remaining_time":0.1367616114},
{"learn":[0.3726930091],"iteration":320,"passed_time":0.06455561239,"remaining_time":0.1365522144},
{"learn":[0.3723909255],"iteration":321,"passed_time":0.06469498647,"remaining_time":0.1362211206},
{"learn":[0.3722598223],"iteration":322,"passed_time":0.06481677732,"remaining_time":0.1358543599},
{"learn":[0.3720939512],"iteration":323,"passed_time":0.0649857762,"remaining_time":0.1355876071},
{"learn":[0.3718121691],"iteration":324,"passed_time":0.06512523361,"remaining_time":0.1352601006},
{"learn":[0.3714989693],"iteration":325,"passed_time":0.06539702347,"remaining_time":0.135207343},
{"learn":[0.3712261226],"iteration":326,"passed_time":0.06553773086,"remaining_time":0.1348834644},
{"learn":[0.3706473021],"iteration":327,"passed_time":0.0656581884,"remaining_time":0.1345192153},
{"learn":[0.3699505899],"iteration":328,"passed_time":0.06585722874,"remaining_time":0.1343167188},
{"learn":[0.369865059],"iteration":329,"passed_time":0.06599514449,"remaining_time":0.1339901418},
{"learn":[0.3696595426],"iteration":330,"passed_time":0.06618897653,"remaining_time":0.1337777199},
{"learn":[0.3689985985],"iteration":331,"passed_time":0.06639297518,"remaining_time":0.1335858657},
{"learn":[0.3688559177],"iteration":332,"passed_time":0.06651934934,"remaining_time":0.1332384565},
{"learn":[0.3686786239],"iteration":333,"passed_time":0.06679705582,"remaining_time":0.1331941293},
{"learn":[0.3680615513],"iteration":334,"passed_time":0.06701984601,"remaining_time":0.1330393958},
{"learn":[0.3678530703],"iteration":335,"passed_time":0.06719721983,"remaining_time":0.1327945059},
{"learn":[0.367643579],"iteration":336,"passed_time":0.06737571864,"remaining_time":0.1325522299},
{"learn":[0.3674332076],"iteration":337,"passed_time":0.06750267613,"remaining_time":0.1322093834},
{"learn":[0.3668247296],"iteration":338,"passed_time":0.06767563331,"remaining_time":0.1319575033},
{"learn":[0.366363591],"iteration":339,"passed_time":0.06786896536,"remaining_time":0.1317456386},
{"learn":[0.3658917968],"iteration":340,"passed_time":0.06806996403,"remaining_time":0.1315486988},
{"learn":[0.3654798381],"iteration":341,"passed_time":0.06820537979,"remaining_time":0.1312255553},
{"learn":[0.3650256186],"iteration":342,"passed_time":0.06834600386,"remaining_time":0.1309134826},
{"learn":[0.3645884081],"iteration":343,"passed_time":0.06854966917,"remaining_time":0.1307226249},
{"learn":[0.3643370996],"iteration":344,"passed_time":0.06874850118,"remaining_time":0.1305225167},
{"learn":[0.3640753588],"iteration":345,"passed_time":0.06895087483,"remaining_time":0.1303291102},
{"learn":[0.3638823934],"iteration":346,"passed_time":0.06912258203,"remaining_time":0.1300779425},
{"learn":[0.3637172771],"iteration":347,"passed_time":0.06924333122,"remaining_time":0.1297317585},
{"learn":[0.363407944],"iteration":348,"passed_time":0.06937587201,"remaining_time":0.1294088615},
{"learn":[0.3632442449],"iteration":349,"passed_time":0.06950445449,"remaining_time":0.1290797012},
{"learn":[0.3629962149],"iteration":350,"passed_time":0.06971982805,"remaining_time":0.1289121607},
{"learn":[0.362600614],"iteration":351,"passed_time":0.06990049352,"remaining_time":0.128680454},
{"learn":[0.3625050224],"iteration":352,"passed_time":0.07010007553,"remaining_time":0.1284837078},
{"learn":[0.3623540761],"iteration":353,"passed_time":0.07024228291,"remaining_time":0.1281822451},
{"learn":[0.3619139109],"iteration":354,"passed_time":0.07039957353,"remaining_time":0.1279090843},
{"learn":[0.3613916717],"iteration":355,"passed_time":0.07073982127,"remaining_time":0.1279675419},
{"learn":[0.3609812624],"iteration":356,"passed_time":0.07095269486,"remaining_time":0.1277943496},
{"learn":[0.360735584],"iteration":357,"passed_time":0.07107048574,"remaining_time":0.1274504241},
{"learn":[0.360613351],"iteration":358,"passed_time":0.07142785836,"remaining_time":0.1275355354},
{"learn":[0.3600838072],"iteration":359,"passed_time":0.07160652384,"remaining_time":0.1273004868},
{"learn":[0.3597274821],"iteration":360,"passed_time":0.07174168961,"remaining_time":0.1269887525},
{"learn":[0.3595088412],"iteration":361,"passed_time":0.07194464659,"remaining_time":0.1267974711},
{"learn":[0.3593477052],"iteration":362,"passed_time":0.07212839537,"remaining_time":0.1265724183},
{"learn":[0.3592277087],"iteration":363,"passed_time":0.07229201928,"remaining_time":0.1263124293},
{"learn":[0.3590243396],"iteration":364,"passed_time":0.07245830984,"remaining_time":0.1260576075},
{"learn":[0.3584963231],"iteration":365,"passed_time":0.07259635059,"remaining_time":0.1257543341},
{"learn":[0.3584036978],"iteration":366,"passed_time":0.07279872425,"remaining_time":0.1255629222},
{"learn":[0.3578144532],"iteration":367,"passed_time":0.0730567642,"remaining_time":0.1254670516},
{"learn":[0.3576902702],"iteration":368,"passed_time":0.07317084677,"remaining_time":0.1251241309},
{"learn":[0.3575851114],"iteration":369,"passed_time":0.07335517888,"remaining_time":0.1249020613},
{"learn":[0.3573429468],"iteration":370,"passed_time":0.07347559475,"remaining_time":0.1245718304},
{"learn":[0.3567734654],"iteration":371,"passed_time":0.07359446896,"remaining_time":0.124240125},
{"learn":[0.3561768929],"iteration":372,"passed_time":0.07376717614,"remaining_time":0.1240000521},
{"learn":[0.356059824],"iteration":373,"passed_time":0.07394813327,"remaining_time":0.1237741482},
{"learn":[0.3557365817],"iteration":374,"passed_time":0.07414654862,"remaining_time":0.123577581},
{"learn":[0.3552748111],"iteration":375,"passed_time":0.07429088099,"remaining_time":0.1232912493},
{"learn":[0.3549475202],"iteration":376,"passed_time":0.07444696329,"remaining_time":0.1230250879},
{"learn":[0.3542996117],"iteration":377,"passed_time":0.07465687856,"remaining_time":0.1228480912},
{"learn":[0.3539447615],"iteration":378,"passed_time":0.07479308599,"remaining_time":0.1225501488},
{"learn":[0.3533906938],"iteration":379,"passed_time":0.07508691737,"remaining_time":0.1225102336},
{"learn":[0.3532817319],"iteration":380,"passed_time":0.07525812456,"remaining_time":0.1222697614},
{"learn":[0.3525637882],"iteration":381,"passed_time":0.07546920649,"remaining_time":0.1220941613},
{"learn":[0.3521908129],"iteration":382,"passed_time":0.07563658038,"remaining_time":0.1218479637},
{"learn":[0.3515752665],"iteration":383,"passed_time":0.07581932916,"remaining_time":0.1216268405},
{"learn":[0.3510848728],"iteration":384,"passed_time":0.07601570286,"remaining_time":0.1214276812},
{"learn":[0.3506730017],"iteration":385,"passed_time":0.07625861791,"remaining_time":0.1213025684},
{"learn":[0.3505413601],"iteration":386,"passed_time":0.07647107483,"remaining_time":0.1211286017},
{"learn":[0.3499329014],"iteration":387,"passed_time":0.07678794772,"remaining_time":0.121119134},
{"learn":[0.3495232118],"iteration":388,"passed_time":0.07691323855,"remaining_time":0.120807169},
{"learn":[0.3489785115],"iteration":389,"passed_time":0.077146612,"remaining_time":0.1206652136},
{"learn":[0.3485563579],"iteration":390,"passed_time":0.07751377623,"remaining_time":0.1207311758},
{"learn":[0.3477467801],"iteration":391,"passed_time":0.07782631582,"remaining_time":0.1207102041},
{"learn":[0.347524681],"iteration":392,"passed_time":0.07801535623,"remaining_time":0.1204970006},
{"learn":[0.3474193145],"iteration":393,"passed_time":0.0783555623,"remaining_time":0.1205164232},
{"learn":[0.3473199131],"iteration":394,"passed_time":0.07857368585,"remaining_time":0.1203470378},
{"learn":[0.3468077224],"iteration":395,"passed_time":0.07869797669,"remaining_time":0.1200342877},
{"learn":[0.3462583613],"iteration":396,"passed_time":0.07888289212,"remaining_time":0.1198145691},
{"learn":[0.3458416235],"iteration":397,"passed_time":0.07903364112,"remaining_time":0.1195433466},
{"learn":[0.3458044721],"iteration":398,"passed_time":0.07927201454,"remaining_time":0.1194047136},
{"learn":[0.3453483158],"iteration":399,"passed_time":0.07939326373,"remaining_time":0.1190898956},
{"learn":[0.3448554125],"iteration":400,"passed_time":0.07964609538,"remaining_time":0.1189725963},
{"learn":[0.344360704],"iteration":401,"passed_time":0.07979455273,"remaining_time":0.1186993595},
{"learn":[0.344149039],"iteration":402,"passed_time":0.08006325927,"remaining_time":0.1186048779},
{"learn":[0.3440856819],"iteration":403,"passed_time":0.08023217482,"remaining_time":0.1183623173},
{"learn":[0.3436453051],"iteration":404,"passed_time":0.08040404868,"remaining_time":0.1181244666},
{"learn":[0.3435392822],"iteration":405,"passed_time":0.08060792232,"remaining_time":0.1179337583},
{"learn":[0.3431884235],"iteration":406,"passed_time":0.08080008771,"remaining_time":0.1177259263},
{"learn":[0.3427105465],"iteration":407,"passed_time":0.08102821119,"remaining_time":0.1175703457},
{"learn":[0.3422503701],"iteration":408,"passed_time":0.08115366869,"remaining_time":0.1172660592},
{"learn":[0.3420670622],"iteration":409,"passed_time":0.08138000052,"remaining_time":0.1171078056},
{"learn":[0.3416299366],"iteration":410,"passed_time":0.08172037326,"remaining_time":0.1171126517},
{"learn":[0.3412617365],"iteration":411,"passed_time":0.08193499683,"remaining_time":0.1169363547},
{"learn":[0.3411699736],"iteration":412,"passed_time":0.0820901208,"remaining_time":0.1166753049},
{"learn":[0.3410962309],"iteration":413,"passed_time":0.08237166059,"remaining_time":0.1165937032},
{"learn":[0.3406268282],"iteration":414,"passed_time":0.08256245099,"remaining_time":0.116383214},
{"learn":[0.3404307602],"iteration":415,"passed_time":0.08275986634,"remaining_time":0.1161821201},
{"learn":[0.3399504856],"iteration":416,"passed_time":0.08297798989,"remaining_time":0.1160099955},
{"learn":[0.3396163102],"iteration":417,"passed_time":0.08319782176,"remaining_time":0.1158400293},
{"learn":[0.3391723399],"iteration":418,"passed_time":0.08343007022,"remaining_time":0.1156870425},
{"learn":[0.3389752193],"iteration":419,"passed_time":0.08365106875,"remaining_time":0.1155181426},
{"learn":[0.3385254143],"iteration":420,"passed_time":0.08387735891,"remaining_time":0.1153562727},
{"learn":[0.3379967481],"iteration":421,"passed_time":0.08413985717,"remaining_time":0.1152436906},
{"learn":[0.3378037753],"iteration":422,"passed_time":0.08430606439,"remaining_time":0.1149990524},
{"learn":[0.3375753004],"iteration":423,"passed_time":0.08456406268,"remaining_time":0.1148794814},
{"learn":[0.3372970725],"iteration":424,"passed_time":0.08479785279,"remaining_time":0.1147265067},
{"learn":[0.3369903928],"iteration":425,"passed_time":0.08507722593,"remaining_time":0.114634572},
{"learn":[0.3364628731],"iteration":426,"passed_time":0.08522201664,"remaining_time":0.1143611605},
{"learn":[0.3361278319],"iteration":427,"passed_time":0.0854878482,"remaining_time":0.1142501149},
{"learn":[0.3358908595],"iteration":428,"passed_time":0.08561172238,"remaining_time":0.113949402},
{"learn":[0.3355589305],"iteration":429,"passed_time":0.08580838774,"remaining_time":0.1137460024},
{"learn":[0.335174038],"iteration":430,"passed_time":0.08599863647,"remaining_time":0.1135341628},
{"learn":[0.334975057],"iteration":431,"passed_time":0.08625742642,"remaining_time":0.1134125421},
{"learn":[0.3348417456],"iteration":432,"passed_time":0.08639050887,"remaining_time":0.1131256779},
{"learn":[0.3344095644],"iteration":433,"passed_time":0.08660242412,"remaining_time":0.1129423319},
{"learn":[0.3342322352],"iteration":434,"passed_time":0.08676229806,"remaining_time":0.1126912607},
{"learn":[0.3336852688],"iteration":435,"passed_time":0.08709242087,"remaining_time":0.112660838},
{"learn":[0.3333654622],"iteration":436,"passed_time":0.08745566845,"remaining_time":0.1126717193},
{"learn":[0.3331684207],"iteration":437,"passed_time":0.08764991716,"remaining_time":0.112464049},
{"learn":[0.3324416507],"iteration":438,"passed_time":0.08798287328,"remaining_time":0.1124336946},
{"learn":[0.332027709],"iteration":439,"passed_time":0.08810528913,"remaining_time":0.1121340043},
{"learn":[0.331723809],"iteration":440,"passed_time":0.08827362135,"remaining_time":0.1118933205},
{"learn":[0.3313135111],"iteration":441,"passed_time":0.08852449468,"remaining_time":0.1117571675},
{"learn":[0.3307960128],"iteration":442,"passed_time":0.08864516054,"remaining_time":0.111456782},
{"learn":[0.3304334377],"iteration":443,"passed_time":0.08884020091,"remaining_time":0.1112503417},
{"learn":[0.3300442866],"iteration":444,"passed_time":0.08901928305,"remaining_time":0.1110240497},
{"learn":[0.3297964361],"iteration":445,"passed_time":0.08925257317,"remaining_time":0.1108653039},
{"learn":[0.3294503874],"iteration":446,"passed_time":0.08946065512,"remaining_time":0.1106750387},
{"learn":[0.3291802139],"iteration":447,"passed_time":0.08964294557,"remaining_time":0.1104529151},
{"learn":[0.3289173825],"iteration":448,"passed_time":0.08987394404,"remaining_time":0.110290742},
{"learn":[0.3285679262],"iteration":449,"passed_time":0.08999340158,"remaining_time":0.1099919353},
{"learn":[0.328327968],"iteration":450,"passed_time":0.09011540076,"remaining_time":0.1096970178},
{"learn":[0.3277918345],"iteration":451,"passed_time":0.09039856555,"remaining_time":0.1095982609},
{"learn":[0.3277103299],"iteration":452,"passed_time":0.09057660603,"remaining_time":0.1093717517},
{"learn":[0.3275842338],"iteration":453,"passed_time":0.09074452158,"remaining_time":0.1091332793},
{"learn":[0.3273217334],"iteration":454,"passed_time":0.0909073955,"remaining_time":0.1088890781},
{"learn":[0.3271137628],"iteration":455,"passed_time":0.09102993635,"remaining_time":0.108597117},
{"learn":[0.3266523761],"iteration":456,"passed_time":0.09119414359,"remaining_time":0.1083554047},
{"learn":[0.3264048183],"iteration":457,"passed_time":0.09147197508,"remaining_time":0.1082484945},
{"learn":[0.3259576116],"iteration":458,"passed_time":0.09168464033,"remaining_time":0.1080640314},
{"learn":[0.3256816434],"iteration":459,"passed_time":0.09185393087,"remaining_time":0.1078285275},
{"learn":[0.3254714243],"iteration":460,"passed_time":0.09221338681,"remaining_time":0.1078156518},
{"learn":[0.3251555752],"iteration":461,"passed_time":0.09239767726,"remaining_time":0.1075972952},
{"learn":[0.3247227277],"iteration":462,"passed_time":0.09260246756,"remaining_time":0.1074028619},
{"learn":[0.3245450597],"iteration":463,"passed_time":0.09276446648,"remaining_time":0.1071589527},
{"learn":[0.3242428692],"iteration":464,"passed_time":0.09294509028,"remaining_time":0.1069368243},
{"learn":[0.3238720646],"iteration":465,"passed_time":0.09308875599,"remaining_time":0.106672523},
{"learn":[0.3234573446],"iteration":466,"passed_time":0.09323921333,"remaining_time":0.1064164897},
{"learn":[0.3231937516],"iteration":467,"passed_time":0.09341996212,"remaining_time":0.1061953416},
{"learn":[0.3229030035],"iteration":468,"passed_time":0.09355637788,"remaining_time":0.105924172},
{"learn":[0.3225450889],"iteration":469,"passed_time":0.09367516876,"remaining_time":0.1056337009},
{"learn":[0.3221938716],"iteration":470,"passed_time":0.09380729288,"remaining_time":0.105358934},
{"learn":[0.3219108567],"iteration":471,"passed_time":0.09392387544,"remaining_time":0.1050673861},
{"learn":[0.3216317455],"iteration":472,"passed_time":0.09403999967,"remaining_time":0.1047760673},
{"learn":[0.3212796496],"iteration":473,"passed_time":0.09429066467,"remaining_time":0.1046347882},
{"learn":[0.3208595356],"iteration":474,"passed_time":0.09453674636,"remaining_time":0.1044879828},
{"learn":[0.3205239075],"iteration":475,"passed_time":0.09487124414,"remaining_time":0.1044380923},
{"learn":[0.3201153554],"iteration":476,"passed_time":0.09499557665,"remaining_time":0.1041565757},
{"learn":[0.3199571605],"iteration":477,"passed_time":0.09517995042,"remaining_time":0.1039412848},
{"learn":[0.3198917],"iteration":478,"passed_time":0.0954895317,"remaining_time":0.103862309},
{"learn":[0.3195882852],"iteration":479,"passed_time":0.09561861417,"remaining_time":0.103586832},
{"learn":[0.3192770108],"iteration":480,"passed_time":0.09574182168,"remaining_time":0.1033056246},
{"learn":[0.3190014568],"iteration":481,"passed_time":0.09600202829,"remaining_time":0.1031723043},
{"learn":[0.3187939301],"iteration":482,"passed_time":0.09613744405,"remaining_time":0.1029048832},
{"learn":[0.3184748064],"iteration":483,"passed_time":0.09630910958,"remaining_time":0.102676654},
{"learn":[0.3182519251],"iteration":484,"passed_time":0.09652752479,"remaining_time":0.1024982995},
{"learn":[0.3179115918],"iteration":485,"passed_time":0.09676318989,"remaining_time":0.1023380239},
{"learn":[0.3175631553],"iteration":486,"passed_time":0.09689535568,"remaining_time":0.1020684137},
{"learn":[0.3172255472],"iteration":487,"passed_time":0.09701902152,"remaining_time":0.1017904488},
{"learn":[0.3170071225],"iteration":488,"passed_time":0.0972881864,"remaining_time":0.10166516},
{"learn":[0.3168062249],"iteration":489,"passed_time":0.0974841851,"remaining_time":0.1014631314},
{"learn":[0.3165923129],"iteration":490,"passed_time":0.09766314224,"remaining_time":0.1012434611},
{"learn":[0.3162122919],"iteration":491,"passed_time":0.09794697369,"remaining_time":0.1011322411},
{"learn":[0.3158850239],"iteration":492,"passed_time":0.09815230566,"remaining_time":0.1009395922},
{"learn":[0.3155164918],"iteration":493,"passed_time":0.09829338805,"remaining_time":0.1006810817},
{"learn":[0.3152577786],"iteration":494,"passed_time":0.09847942848,"remaining_time":0.1004689119},
{"learn":[0.3151484973],"iteration":495,"passed_time":0.09885271766,"remaining_time":0.1004471163},
{"learn":[0.3148966302],"iteration":496,"passed_time":0.09918521545,"remaining_time":0.1003826225},
{"learn":[0.3147495744],"iteration":497,"passed_time":0.099403589,"remaining_time":0.1002020114},
{"learn":[0.3143013276],"iteration":498,"passed_time":0.09953029649,"remaining_time":0.09992921552},
{"learn":[0.3140640247],"iteration":499,"passed_time":0.09968000383,"remaining_time":0.09968000383},
{"learn":[0.3136879448],"iteration":500,"passed_time":0.09991516893,"remaining_time":0.09951630598},
{"learn":[0.3134123538],"iteration":501,"passed_time":0.1000433347,"remaining_time":0.0992461767},
{"learn":[0.3130728009],"iteration":502,"passed_time":0.1001948754,"remaining_time":0.09899970791},
{"learn":[0.3127450132],"iteration":503,"passed_time":0.1003917491,"remaining_time":0.09879822927},
{"learn":[0.3124387372],"iteration":504,"passed_time":0.1005275815,"remaining_time":0.09853693635},
{"learn":[0.3119755979],"iteration":505,"passed_time":0.1007207052,"remaining_time":0.09833207192},
{"learn":[0.3117388799],"iteration":506,"passed_time":0.1008952457,"remaining_time":0.09810918374},
{"learn":[0.3114648682],"iteration":507,"passed_time":0.1011251192,"remaining_time":0.0979400761},
{"learn":[0.3111570781],"iteration":508,"passed_time":0.1013118263,"remaining_time":0.09772908982},
{"learn":[0.310860645],"iteration":509,"passed_time":0.1015336998,"remaining_time":0.09755198612},
{"learn":[0.3103917085],"iteration":510,"passed_time":0.1017846148,"remaining_time":0.09740249835},
{"learn":[0.3101161373],"iteration":511,"passed_time":0.1020324882,"remaining_time":0.0972497153},
{"learn":[0.3098271783],"iteration":512,"passed_time":0.1022557784,"remaining_time":0.0970732243},
{"learn":[0.3095151595],"iteration":513,"passed_time":0.1024389438,"remaining_time":0.09685861225},
{"learn":[0.3092345827],"iteration":514,"passed_time":0.1025859428,"remaining_time":0.09661006267},
{"learn":[0.3088635049],"iteration":515,"passed_time":0.1027699,"remaining_time":0.09639657282},
{"learn":[0.3085747344],"iteration":516,"passed_time":0.1030141067,"remaining_time":0.09623948456},
{"learn":[0.3083759459],"iteration":517,"passed_time":0.1031747723,"remaining_time":0.09600432477},
{"learn":[0.3081830028],"iteration":518,"passed_time":0.1034389372,"remaining_time":0.09586537337},
{"learn":[0.3079957237],"iteration":519,"passed_time":0.103558603,"remaining_time":0.09559255665},
{"learn":[0.3077963547],"iteration":520,"passed_time":0.1037428935,"remaining_time":0.09537974276},
{"learn":[0.307614864],"iteration":521,"passed_time":0.1038631843,"remaining_time":0.09510843318},
{"learn":[0.3073531706],"iteration":522,"passed_time":0.1039934335,"remaining_time":0.0948467835},
{"learn":[0.3071092654],"iteration":523,"passed_time":0.1042563484,"remaining_time":0.09470614855},
{"learn":[0.3069189034],"iteration":524,"passed_time":0.1046071794,"remaining_time":0.09464459089},
{"learn":[0.3066872845],"iteration":525,"passed_time":0.1048892192,"remaining_time":0.09451994277},
{"learn":[0.3065025982],"iteration":526,"passed_time":0.1050865929,"remaining_time":0.0943187067},
{"learn":[0.306301469],"iteration":527,"passed_time":0.1053527578,"remaining_time":0.09417898044},
{"learn":[0.3061381337],"iteration":528,"passed_time":0.1055358816,"remaining_time":0.09396483972},
{"learn":[0.3057924751],"iteration":529,"passed_time":0.1056662974,"remaining_time":0.09370407501},
{"learn":[0.305515185],"iteration":530,"passed_time":0.1058964625,"remaining_time":0.09353190378},
{"learn":[0.3052467258],"iteration":531,"passed_time":0.1060276283,"remaining_time":0.09327242488},
{"learn":[0.3049746371],"iteration":532,"passed_time":0.106325543,"remaining_time":0.09315952827},
{"learn":[0.3046381054],"iteration":533,"passed_time":0.1065284166,"remaining_time":0.09296300027},
{"learn":[0.3042254152],"iteration":534,"passed_time":0.1067387069,"remaining_time":0.09277289478},
{"learn":[0.3039893309],"iteration":535,"passed_time":0.1068995392,"remaining_time":0.09253989957},
{"learn":[0.3037497163],"iteration":536,"passed_time":0.1071333709,"remaining_time":0.09237011311},
{"learn":[0.3034624255],"iteration":537,"passed_time":0.1072592868,"remaining_time":0.09210741726},
{"learn":[0.3032484557],"iteration":538,"passed_time":0.107380536,"remaining_time":0.09184123762},
{"learn":[0.3030134619],"iteration":539,"passed_time":0.1075095351,"remaining_time":0.09158219657},
{"learn":[0.3028405814],"iteration":540,"passed_time":0.1076784506,"remaining_time":0.09135750249},
{"learn":[0.3026651712],"iteration":541,"passed_time":0.1078054915,"remaining_time":0.09109762932},
{"learn":[0.3026047215],"iteration":542,"passed_time":0.1080451982,"remaining_time":0.09093306737},
{"learn":[0.3023778026],"iteration":543,"passed_time":0.1082175721,"remaining_time":0.09071178834},
{"learn":[0.3020889025],"iteration":544,"passed_time":0.1083694877,"remaining_time":0.09047360901},
{"learn":[0.3019302623],"iteration":545,"passed_time":0.1085861946,"remaining_time":0.09028961969},
{"learn":[0.3016787632],"iteration":546,"passed_time":0.1087754433,"remaining_time":0.09008277118},
{"learn":[0.3014141971],"iteration":547,"passed_time":0.109027275,"remaining_time":0.08992760639},
{"learn":[0.3011588002],"iteration":548,"passed_time":0.1092344403,"remaining_time":0.08973539631},
{"learn":[0.3008563717],"iteration":549,"passed_time":0.1093681477,"remaining_time":0.08948302997},
{"learn":[0.3006484256],"iteration":550,"passed_time":0.1095063135,"remaining_time":0.08923472733},
{"learn":[0.3004310967],"iteration":551,"passed_time":0.1097549368,"remaining_time":0.08907647048},
{"learn":[0.300235525],"iteration":552,"passed_time":0.1100254767,"remaining_time":0.08893560233},
{"learn":[0.2999579172],"iteration":553,"passed_time":0.1101556425,"remaining_time":0.08868125732},
{"learn":[0.2996564396],"iteration":554,"passed_time":0.1103463912,"remaining_time":0.08847593532},
{"learn":[0.2994110325],"iteration":555,"passed_time":0.1105299317,"remaining_time":0.08826490947},
{"learn":[0.2990093364],"iteration":556,"passed_time":0.1107550135,"remaining_time":0.08808702152},
{"learn":[0.2987466477],"iteration":557,"passed_time":0.1114987586,"remaining_time":0.08831980518},
{"learn":[0.298506385],"iteration":558,"passed_time":0.1117135905,"remaining_time":0.08813183077},
{"learn":[0.2983384569],"iteration":559,"passed_time":0.1119367973,"remaining_time":0.08795034076},
{"learn":[0.2980948847],"iteration":560,"passed_time":0.1121579209,"remaining_time":0.08776707176},
{"learn":[0.2978974014],"iteration":561,"passed_time":0.1123628778,"remaining_time":0.08757106848},
{"learn":[0.2976612446],"iteration":562,"passed_time":0.1126448343,"remaining_time":0.08743480032},
{"learn":[0.2974038624],"iteration":563,"passed_time":0.112844083,"remaining_time":0.08723407832},
{"learn":[0.2971342834],"iteration":564,"passed_time":0.1129622072,"remaining_time":0.08697090287},
{"learn":[0.2967789013],"iteration":565,"passed_time":0.1132314137,"remaining_time":0.08682408755},
{"learn":[0.2965876063],"iteration":566,"passed_time":0.1134634955,"remaining_time":0.08664848952},
{"learn":[0.2964010747],"iteration":567,"passed_time":0.113633911,"remaining_time":0.0864257915},
{"learn":[0.2962550401],"iteration":568,"passed_time":0.113889326,"remaining_time":0.08626766171},
{"learn":[0.2958581179],"iteration":569,"passed_time":0.1140847414,"remaining_time":0.08606392771},
{"learn":[0.295694954],"iteration":570,"passed_time":0.1142714068,"remaining_time":0.08585364889},
{"learn":[0.2953846713],"iteration":571,"passed_time":0.1143889477,"remaining_time":0.08559173009},
{"learn":[0.2951147175],"iteration":572,"passed_time":0.1146241545,"remaining_time":0.08541799992},
{"learn":[0.2946965439],"iteration":573,"passed_time":0.11479532,"remaining_time":0.08519652668},
{"learn":[0.2944241858],"iteration":574,"passed_time":0.1150286101,"remaining_time":0.0850211466},
{"learn":[0.2941946104],"iteration":575,"passed_time":0.1152543169,"remaining_time":0.0848399833},
{"learn":[0.2940054938],"iteration":576,"passed_time":0.1154601906,"remaining_time":0.08464412584},
{"learn":[0.29385146],"iteration":577,"passed_time":0.115642231,"remaining_time":0.08443083303},
{"learn":[0.2936027814],"iteration":578,"passed_time":0.1159401457,"remaining_time":0.08430190215},
{"learn":[0.2934290197],"iteration":579,"passed_time":0.1160744365,"remaining_time":0.08405390228},
{"learn":[0.2931913905],"iteration":580,"passed_time":0.11629356,"remaining_time":0.08386747272},
{"learn":[0.2930208055],"iteration":581,"passed_time":0.1164226425,"remaining_time":0.08361626214},
{"learn":[0.2928219369],"iteration":582,"passed_time":0.1166373077,"remaining_time":0.08342668495},
{"learn":[0.292565205],"iteration":583,"passed_time":0.1168377647,"remaining_time":0.08322690091},
{"learn":[0.2923423326],"iteration":584,"passed_time":0.1171670959,"remaining_time":0.0831185381},
{"learn":[0.2921325481],"iteration":585,"passed_time":0.1174456357,"remaining_time":0.08297353785},
{"learn":[0.2919570264],"iteration":586,"passed_time":0.1175806765,"remaining_time":0.0827271199},
{"learn":[0.2918198953],"iteration":587,"passed_time":0.1177064256,"remaining_time":0.08247457034},
{"learn":[0.2915713835],"iteration":588,"passed_time":0.117853508,"remaining_time":0.08223733749},
{"learn":[0.2913874533],"iteration":589,"passed_time":0.1181147562,"remaining_time":0.08207974587},
{"learn":[0.2911473432],"iteration":590,"passed_time":0.1182395054,"remaining_time":0.08182733962},
{"learn":[0.2909568945],"iteration":591,"passed_time":0.118598003,"remaining_time":0.08173646155},
{"learn":[0.2907276589],"iteration":592,"passed_time":0.1187776268,"remaining_time":0.08152191252},
{"learn":[0.2905595385],"iteration":593,"passed_time":0.1190529167,"remaining_time":0.08137286897},
{"learn":[0.2903030067],"iteration":594,"passed_time":0.1192774152,"remaining_time":0.08118882882},
{"learn":[0.2901488575],"iteration":595,"passed_time":0.1194534973,"remaining_time":0.08097183377},
{"learn":[0.2899914881],"iteration":596,"passed_time":0.1196697876,"remaining_time":0.08078211791},
{"learn":[0.2897909417],"iteration":597,"passed_time":0.119808745,"remaining_time":0.08054032689},
{"learn":[0.2897053435],"iteration":598,"passed_time":0.1199685773,"remaining_time":0.08031285389},
{"learn":[0.2894351523],"iteration":599,"passed_time":0.1202213256,"remaining_time":0.08014755038},
{"learn":[0.2892115117],"iteration":600,"passed_time":0.120457449,"remaining_time":0.07997091872},
{"learn":[0.2890401785],"iteration":601,"passed_time":0.1206628226,"remaining_time":0.07977375982},
{"learn":[0.2889448897],"iteration":602,"passed_time":0.1208921128,"remaining_time":0.07959231969},
{"learn":[0.2888187334],"iteration":603,"passed_time":0.1210164036,"remaining_time":0.07934188052},
{"learn":[0.2886081348],"iteration":604,"passed_time":0.1212956518,"remaining_time":0.07919302884},
{"learn":[0.2884128726],"iteration":605,"passed_time":0.121613358,"remaining_time":0.0790687509},
{"learn":[0.2881625117],"iteration":606,"passed_time":0.1218411481,"remaining_time":0.0788856198},
{"learn":[0.2879833986],"iteration":607,"passed_time":0.1221040214,"remaining_time":0.07872496116},
{"learn":[0.2878405486],"iteration":608,"passed_time":0.1223476448,"remaining_time":0.07855160772},
{"learn":[0.2875934219],"iteration":609,"passed_time":0.1224721023,"remaining_time":0.07830183588},
{"learn":[0.287361543],"iteration":610,"passed_time":0.1228372665,"remaining_time":0.07820572287},
{"learn":[0.2872043025],"iteration":611,"passed_time":0.1230913065,"remaining_time":0.07803827928},
{"learn":[0.2870409551],"iteration":612,"passed_time":0.1233809296,"remaining_time":0.07789301752},
{"learn":[0.2868893268],"iteration":613,"passed_time":0.1235237619,"remaining_time":0.07765500344},
{"learn":[0.2866510883],"iteration":614,"passed_time":0.1236495944,"remaining_time":0.07740665668},
{"learn":[0.2864685649],"iteration":615,"passed_time":0.1238560514,"remaining_time":0.07720896711},
{"learn":[0.2862331889],"iteration":616,"passed_time":0.1240618834,"remaining_time":0.07701086115},
{"learn":[0.2861095761],"iteration":617,"passed_time":0.1243176733,"remaining_time":0.07684361038},
{"learn":[0.2858948521],"iteration":618,"passed_time":0.1244595474,"remaining_time":0.07660595728},
{"learn":[0.2855307999],"iteration":619,"passed_time":0.1246907959,"remaining_time":0.07642339101},
{"learn":[0.285226728],"iteration":620,"passed_time":0.1249180027,"remaining_time":0.07623820131},
{"learn":[0.2849990232],"iteration":621,"passed_time":0.1252530838,"remaining_time":0.07611843355},
{"learn":[0.2847898771],"iteration":622,"passed_time":0.1253989578,"remaining_time":0.07588347848},
{"learn":[0.2843719449],"iteration":623,"passed_time":0.1255670817,"remaining_time":0.07566221589},
{"learn":[0.2841598302],"iteration":624,"passed_time":0.1257338306,"remaining_time":0.07544029835},
{"learn":[0.2839520808],"iteration":625,"passed_time":0.1258888296,"remaining_time":0.07521153714},
{"learn":[0.283833195],"iteration":626,"passed_time":0.1260095371,"remaining_time":0.07496261137},
{"learn":[0.2835776517],"iteration":627,"passed_time":0.1261538695,"remaining_time":0.07472808828},
{"learn":[0.2834565619],"iteration":628,"passed_time":0.1263589514,"remaining_time":0.07452968359},
{"learn":[0.2833313285],"iteration":629,"passed_time":0.1265409502,"remaining_time":0.07431770092},
{"learn":[0.2831564622],"iteration":630,"passed_time":0.126729949,"remaining_time":0.07410990676},
{"learn":[0.2830498756],"iteration":631,"passed_time":0.1268570314,"remaining_time":0.07386611958},
{"learn":[0.2829000666],"iteration":632,"passed_time":0.1270309886,"remaining_time":0.07364987808},
{"learn":[0.2826412934],"iteration":633,"passed_time":0.1271711544,"remaining_time":0.07341426261},
{"learn":[0.2824937968],"iteration":634,"passed_time":0.127378028,"remaining_time":0.07321729167},
{"learn":[0.2822391168],"iteration":635,"passed_time":0.1276386096,"remaining_time":0.07305102813},
{"learn":[0.2820068524],"iteration":636,"passed_time":0.1278958579,"remaining_time":0.07288256893},
{"learn":[0.2817816217],"iteration":637,"passed_time":0.128134273,"remaining_time":0.07270314547},
{"learn":[0.2815367921],"iteration":638,"passed_time":0.1283930212,"remaining_time":0.07253502451},
{"learn":[0.2813917123],"iteration":639,"passed_time":0.1285248537,"remaining_time":0.0722952302},
{"learn":[0.2811414213],"iteration":640,"passed_time":0.1286837693,"remaining_time":0.072070941},
{"learn":[0.2810910477],"iteration":641,"passed_time":0.1289376426,"remaining_time":0.07189980694},
{"learn":[0.2807238377],"iteration":642,"passed_time":0.129181141,"remaining_time":0.07172265526},
{"learn":[0.2805347746],"iteration":643,"passed_time":0.1294455142,"remaining_time":0.07155683706},
{"learn":[0.280346768],"iteration":644,"passed_time":0.1296258464,"remaining_time":0.07134445808},
{"learn":[0.2801023589],"iteration":645,"passed_time":0.1299146361,"remaining_time":0.07119161174},
{"learn":[0.2798642735],"iteration":646,"passed_time":0.130079135,"remaining_time":0.07097053271},
{"learn":[0.279745942],"iteration":647,"passed_time":0.1302224674,"remaining_time":0.07073813044},
{"learn":[0.2795517149],"iteration":648,"passed_time":0.1304462576,"remaining_time":0.07054951681},
{"learn":[0.2793495657],"iteration":649,"passed_time":0.1307098392,"remaining_time":0.07038222109},
{"learn":[0.2791837653],"iteration":650,"passed_time":0.1309620041,"remaining_time":0.07020850914},
{"learn":[0.2790125633],"iteration":651,"passed_time":0.1311910443,"remaining_time":0.07002221383},
{"learn":[0.2788184336],"iteration":652,"passed_time":0.1314088345,"remaining_time":0.06982980946},
{"learn":[0.2787364475],"iteration":653,"passed_time":0.1315451253,"remaining_time":0.06959421001},
{"learn":[0.2786792409],"iteration":654,"passed_time":0.131687041,"remaining_time":0.06936187655},
{"learn":[0.2785432416],"iteration":655,"passed_time":0.1318186235,"remaining_time":0.0691244001},
{"learn":[0.2783550063],"iteration":656,"passed_time":0.1320131222,"remaining_time":0.0689200927},
{"learn":[0.2781931645],"iteration":657,"passed_time":0.1327804504,"remaining_time":0.06901354716},
{"learn":[0.2778065159],"iteration":658,"passed_time":0.1330059489,"remaining_time":0.06882401908},
{"learn":[0.2776117641],"iteration":659,"passed_time":0.1332061976,"remaining_time":0.0686213745},
{"learn":[0.277384176],"iteration":660,"passed_time":0.1334533626,"remaining_time":0.06844279866},
{"learn":[0.277152783],"iteration":661,"passed_time":0.133686111,"remaining_time":0.06825665488},
{"learn":[0.2770643471],"iteration":662,"passed_time":0.1338071102,"remaining_time":0.06801356885},
{"learn":[0.2769367517],"iteration":663,"passed_time":0.1340093172,"remaining_time":0.06781194365},
{"learn":[0.2767300248],"iteration":664,"passed_time":0.1341793994,"remaining_time":0.06759413354},
{"learn":[0.2765068922],"iteration":665,"passed_time":0.1344789808,"remaining_time":0.06744141077},
{"learn":[0.2763505878],"iteration":666,"passed_time":0.1347290208,"remaining_time":0.06726351412},
{"learn":[0.2762374521],"iteration":667,"passed_time":0.1350133939,"remaining_time":0.06710246522},
{"learn":[0.2760597309],"iteration":668,"passed_time":0.1351801844,"remaining_time":0.06688287152},
{"learn":[0.2758477694],"iteration":669,"passed_time":0.1355050156,"remaining_time":0.06674127634},
{"learn":[0.2755657557],"iteration":670,"passed_time":0.1357662222,"remaining_time":0.06656793905},
{"learn":[0.2752902444],"iteration":671,"passed_time":0.1361133449,"remaining_time":0.06643627548},
{"learn":[0.2751131697],"iteration":672,"passed_time":0.1362988853,"remaining_time":0.06622546137},
{"learn":[0.2750021715],"iteration":673,"passed_time":0.1364862591,"remaining_time":0.06601560899},
{"learn":[0.2748491768],"iteration":674,"passed_time":0.1366685079,"remaining_time":0.06580335564},
{"learn":[0.2746978757],"iteration":675,"passed_time":0.1369009647,"remaining_time":0.06561525525},
{"learn":[0.2745280846],"iteration":676,"passed_time":0.1371294215,"remaining_time":0.06542511541},
{"learn":[0.2743461509],"iteration":677,"passed_time":0.1372975454,"remaining_time":0.06520620886},
{"learn":[0.2741402179],"iteration":678,"passed_time":0.1374645026,"remaining_time":0.06498690033},
{"learn":[0.2740731038],"iteration":679,"passed_time":0.1377176259,"remaining_time":0.06480829454},
{"learn":[0.2739097321],"iteration":680,"passed_time":0.1379727909,"remaining_time":0.06463042626},
{"learn":[0.2737212008],"iteration":681,"passed_time":0.1381748312,"remaining_time":0.06442756058},
{"learn":[0.2735516659],"iteration":682,"passed_time":0.1384139129,"remaining_time":0.06424188931},
{"learn":[0.2733423532],"iteration":683,"passed_time":0.1386125783,"remaining_time":0.06403738996},
{"learn":[0.2731670871],"iteration":684,"passed_time":0.1388291185,"remaining_time":0.06384112749},
{"learn":[0.2729634695],"iteration":685,"passed_time":0.1391021167,"remaining_time":0.06367064816},
{"learn":[0.2728415302],"iteration":686,"passed_time":0.1393341985,"remaining_time":0.06348122871},
{"learn":[0.2727038473],"iteration":687,"passed_time":0.13960053,"remaining_time":0.06330721711},
{"learn":[0.2725653255],"iteration":688,"passed_time":0.139756404,"remaining_time":0.06308307931},
{"learn":[0.2724208941],"iteration":689,"passed_time":0.1399538194,"remaining_time":0.0628778029},
{"learn":[0.2721980937],"iteration":690,"passed_time":0.1401090683,"remaining_time":0.06265369336},
{"learn":[0.2720426804],"iteration":691,"passed_time":0.1403519,"remaining_time":0.06246876476},
{"learn":[0.2719130001],"iteration":692,"passed_time":0.1406263566,"remaining_time":0.06229767888},
{"learn":[0.271773288],"iteration":693,"passed_time":0.1407496057,"remaining_time":0.06205962443},
{"learn":[0.2714838677],"iteration":694,"passed_time":0.1409439378,"remaining_time":0.06185309499},
{"learn":[0.2713097993],"iteration":695,"passed_time":0.141164228,"remaining_time":0.06165793866},
{"learn":[0.2711141484],"iteration":696,"passed_time":0.1412987271,"remaining_time":0.06142541507},
{"learn":[0.2708369293],"iteration":697,"passed_time":0.1414932258,"remaining_time":0.06121913207},
{"learn":[0.2705633455],"iteration":698,"passed_time":0.1417041827,"remaining_time":0.06101996995},
{"learn":[0.2704281707],"iteration":699,"passed_time":0.1418563484,"remaining_time":0.06079557787},
{"learn":[0.2702345871],"iteration":700,"passed_time":0.1419848059,"remaining_time":0.06056127953},
{"learn":[0.2701177207],"iteration":701,"passed_time":0.142267179,"remaining_time":0.06039262013},
{"learn":[0.2698653388],"iteration":702,"passed_time":0.1424924691,"remaining_time":0.0601995211},
{"learn":[0.2696795737],"iteration":703,"passed_time":0.1426844679,"remaining_time":0.05999233308},
{"learn":[0.26951458],"iteration":704,"passed_time":0.1428798832,"remaining_time":0.05978661781},
{"learn":[0.2692777711],"iteration":705,"passed_time":0.1430568404,"remaining_time":0.05957324515},
{"learn":[0.2690930694],"iteration":706,"passed_time":0.1432120894,"remaining_time":0.05935097904},
{"learn":[0.2688911774],"iteration":707,"passed_time":0.143422463,"remaining_time":0.05915163727},
{"learn":[0.2685968097],"iteration":708,"passed_time":0.1435967535,"remaining_time":0.05893745453},
{"learn":[0.2684086971],"iteration":709,"passed_time":0.1437874605,"remaining_time":0.05873008951},
{"learn":[0.2681457893],"iteration":710,"passed_time":0.1439856675,"remaining_time":0.05852581986},
{"learn":[0.2680947761],"iteration":711,"passed_time":0.1442216243,"remaining_time":0.0583368368},
{"learn":[0.2679887631],"iteration":712,"passed_time":0.1443754983,"remaining_time":0.05811468164},
{"learn":[0.2676493714],"iteration":713,"passed_time":0.1446121217,"remaining_time":0.05792586388},
{"learn":[0.2675068918],"iteration":714,"passed_time":0.1448168287,"remaining_time":0.05772419046},
{"learn":[0.2672670006],"iteration":715,"passed_time":0.145014369,"remaining_time":0.05751966593},
{"learn":[0.2669756522],"iteration":716,"passed_time":0.1451398682,"remaining_time":0.05728672622},
{"learn":[0.266862971],"iteration":717,"passed_time":0.1453557001,"remaining_time":0.05708956466},
{"learn":[0.2667150615],"iteration":718,"passed_time":0.1455753236,"remaining_time":0.05689383302},
{"learn":[0.2665707278],"iteration":719,"passed_time":0.1457072811,"remaining_time":0.05666394265},
{"learn":[0.2663945971],"iteration":720,"passed_time":0.1458584468,"remaining_time":0.05644175679},
{"learn":[0.2662544654],"iteration":721,"passed_time":0.1460019041,"remaining_time":0.05621679965},
{"learn":[0.2660050157],"iteration":722,"passed_time":0.1461576531,"remaining_time":0.05599677719},
{"learn":[0.2659632429],"iteration":723,"passed_time":0.1463255687,"remaining_time":0.05578157037},
{"learn":[0.2657182843],"iteration":724,"passed_time":0.1465139007,"remaining_time":0.05557423821},
{"learn":[0.2656046017],"iteration":725,"passed_time":0.1467591491,"remaining_time":0.05538843919},
{"learn":[0.2654167148],"iteration":726,"passed_time":0.1469881059,"remaining_time":0.05519635889},
{"learn":[0.2652913057],"iteration":727,"passed_time":0.147176938,"remaining_time":0.05498918562},
{"learn":[0.2652033919],"iteration":728,"passed_time":0.1477951422,"remaining_time":0.05494167838},
{"learn":[0.265016389],"iteration":729,"passed_time":0.1479600161,"remaining_time":0.05472493747},
{"learn":[0.2648784973],"iteration":730,"passed_time":0.1481619731,"remaining_time":0.05452198463},
{"learn":[0.2646594289],"iteration":731,"passed_time":0.148424388,"remaining_time":0.05434116939},
{"learn":[0.2645903365],"iteration":732,"passed_time":0.1487513859,"remaining_time":0.05418365624},
{"learn":[0.264364322],"iteration":733,"passed_time":0.1490138424,"remaining_time":0.05400229168},
{"learn":[0.2642514768],"iteration":734,"passed_time":0.1492084245,"remaining_time":0.05379623468},
{"learn":[0.2642023509],"iteration":735,"passed_time":0.1493717567,"remaining_time":0.0535789997},
{"learn":[0.2640939456],"iteration":736,"passed_time":0.1495301723,"remaining_time":0.05336015648},
{"learn":[0.2640565244],"iteration":737,"passed_time":0.1496602965,"remaining_time":0.05313143317},
{"learn":[0.2637887635],"iteration":738,"passed_time":0.1498939616,"remaining_time":0.0529395453},
{"learn":[0.2636440426],"iteration":739,"passed_time":0.1500586688,"remaining_time":0.05272331608},
{"learn":[0.2635870572],"iteration":740,"passed_time":0.150288334,"remaining_time":0.0525299305},
{"learn":[0.263509204],"iteration":741,"passed_time":0.1505495822,"remaining_time":0.05234742886},
{"learn":[0.2634320809],"iteration":742,"passed_time":0.1507290394,"remaining_time":0.05213642412},
{"learn":[0.2633185415],"iteration":743,"passed_time":0.1509194131,"remaining_time":0.05192926042},
{"learn":[0.2631448519],"iteration":744,"passed_time":0.1511520366,"remaining_time":0.05173660312},
{"learn":[0.2629913599],"iteration":745,"passed_time":0.1512876607,"remaining_time":0.05151081207},
{"learn":[0.2629777879],"iteration":746,"passed_time":0.1514924093,"remaining_time":0.0513086741},
{"learn":[0.2627931586],"iteration":747,"passed_time":0.1516182001,"remaining_time":0.05107992838},
{"learn":[0.2626797287],"iteration":748,"passed_time":0.1518727818,"remaining_time":0.05089461712},
{"learn":[0.2625876322],"iteration":749,"passed_time":0.1521025302,"remaining_time":0.05070084341},
{"learn":[0.2625822052],"iteration":750,"passed_time":0.1522186128,"remaining_time":0.05046928707},
{"learn":[0.2624301491],"iteration":751,"passed_time":0.1523483203,"remaining_time":0.05024253115},
{"learn":[0.262334328],"iteration":752,"passed_time":0.1525712355,"remaining_time":0.05004660711},
{"learn":[0.262180454],"iteration":753,"passed_time":0.152692443,"remaining_time":0.04981742835},
{"learn":[0.2619260443],"iteration":754,"passed_time":0.1528185255,"remaining_time":0.04959011754},
{"learn":[0.2617978664],"iteration":755,"passed_time":0.1530171908,"remaining_time":0.04938650074},
{"learn":[0.261602667],"iteration":756,"passed_time":0.1532222311,"remaining_time":0.04918494341},
{"learn":[0.2615534248],"iteration":757,"passed_time":0.1534172298,"remaining_time":0.048980171},
{"learn":[0.2613847161],"iteration":758,"passed_time":0.1536147702,"remaining_time":0.04877623138},
{"learn":[0.2612113077],"iteration":759,"passed_time":0.1538796851,"remaining_time":0.04859358476},
{"learn":[0.2610424365],"iteration":760,"passed_time":0.154095517,"remaining_time":0.04839530691},
{"learn":[0.2607917259],"iteration":761,"passed_time":0.1542735158,"remaining_time":0.04818516635},
{"learn":[0.2605512782],"iteration":762,"passed_time":0.1545443473,"remaining_time":0.04800394537},
{"learn":[0.2603085341],"iteration":763,"passed_time":0.1547272211,"remaining_time":0.04779531961},
{"learn":[0.2601438998],"iteration":764,"passed_time":0.1548944283,"remaining_time":0.04758194858},
{"learn":[0.2599965004],"iteration":765,"passed_time":0.1550850937,"remaining_time":0.04737586414},
{"learn":[0.2599021939],"iteration":766,"passed_time":0.1553977167,"remaining_time":0.04720686829},
{"learn":[0.2598473933],"iteration":767,"passed_time":0.1555328408,"remaining_time":0.04698387898},
{"learn":[0.2598127266],"iteration":768,"passed_time":0.1557083396,"remaining_time":0.04677324635},
{"learn":[0.2595890459],"iteration":769,"passed_time":0.1559097549,"remaining_time":0.04657044628},
{"learn":[0.2595124434],"iteration":770,"passed_time":0.1560411707,"remaining_time":0.04634685875},
{"learn":[0.2595064329],"iteration":771,"passed_time":0.1561587116,"remaining_time":0.04611941223},
{"learn":[0.2593226699],"iteration":772,"passed_time":0.1563242522,"remaining_time":0.04590634572},
{"learn":[0.2592284332],"iteration":773,"passed_time":0.1564464597,"remaining_time":0.04568074921},
{"learn":[0.2591844711],"iteration":774,"passed_time":0.1566822498,"remaining_time":0.0454883951},
{"learn":[0.2590989723],"iteration":775,"passed_time":0.1569488313,"remaining_time":0.0453048173},
{"learn":[0.2588811745],"iteration":776,"passed_time":0.157094747,"remaining_time":0.04508639458},
{"learn":[0.2588697842],"iteration":777,"passed_time":0.1573120789,"remaining_time":0.04488853666},
{"learn":[0.2586937612],"iteration":778,"passed_time":0.1574892028,"remaining_time":0.04467922183},
{"learn":[0.2585822495],"iteration":779,"passed_time":0.1577379511,"remaining_time":0.04449019134},
{"learn":[0.2583577107],"iteration":780,"passed_time":0.1578962834,"remaining_time":0.04427565437},
{"learn":[0.2583162143],"iteration":781,"passed_time":0.1580531157,"remaining_time":0.04406084299},
{"learn":[0.2583095387],"iteration":782,"passed_time":0.1582696559,"remaining_time":0.04386272711},
{"learn":[0.2582469832],"iteration":783,"passed_time":0.1585796538,"remaining_time":0.04369031279},
{"learn":[0.2582003729],"iteration":784,"passed_time":0.1588321522,"remaining_time":0.04350179964},
{"learn":[0.2580682317],"iteration":785,"passed_time":0.1590026094,"remaining_time":0.04329078677},
{"learn":[0.2579044429],"iteration":786,"passed_time":0.1592593993,"remaining_time":0.04310324276},
{"learn":[0.2578278512],"iteration":787,"passed_time":0.159512606,"remaining_time":0.04291455897},
{"learn":[0.2577331541],"iteration":788,"passed_time":0.1597509794,"remaining_time":0.0427217448},
{"learn":[0.2576854435],"iteration":789,"passed_time":0.1600232276,"remaining_time":0.04253781999},
{"learn":[0.257458243],"iteration":790,"passed_time":0.1602250596,"remaining_time":0.04233506631},
{"learn":[0.2574417937],"iteration":791,"passed_time":0.1603523087,"remaining_time":0.04211272754},
{"learn":[0.25723327],"iteration":792,"passed_time":0.1605125993,"remaining_time":0.04189925354},
{"learn":[0.25718094],"iteration":793,"passed_time":0.1606496817,"remaining_time":0.04167989224},
{"learn":[0.2570138742],"iteration":794,"passed_time":0.1608918468,"remaining_time":0.04148783471},
{"learn":[0.2570002218],"iteration":795,"passed_time":0.1611999281,"remaining_time":0.04131254438},
{"learn":[0.2568369908],"iteration":796,"passed_time":0.1613361355,"remaining_time":0.04109314367},
{"learn":[0.2566533373],"iteration":797,"passed_time":0.161463093,"remaining_time":0.04087161001},
{"learn":[0.2564803052],"iteration":798,"passed_time":0.1615864255,"remaining_time":0.04064940116},
{"learn":[0.256392291],"iteration":799,"passed_time":0.1618909235,"remaining_time":0.04047273087},
{"learn":[0.2560625685],"iteration":800,"passed_time":0.1620167143,"remaining_time":0.04025134351},
{"learn":[0.2558865188],"iteration":801,"passed_time":0.1621852965,"remaining_time":0.04004075899},
{"learn":[0.2557264176],"iteration":802,"passed_time":0.1623606287,"remaining_time":0.03983193506},
{"learn":[0.2557214823],"iteration":803,"passed_time":0.1626170437,"remaining_time":0.03964296089},
{"learn":[0.2556759731],"iteration":804,"passed_time":0.1627485844,"remaining_time":0.03942357015},
{"learn":[0.2556089241],"iteration":805,"passed_time":0.1629352082,"remaining_time":0.03921765557},
{"learn":[0.255604004],"iteration":806,"passed_time":0.163060499,"remaining_time":0.03899712059},
{"learn":[0.2555075862],"iteration":807,"passed_time":0.1632306229,"remaining_time":0.03878747475},
{"learn":[0.2553492696],"iteration":808,"passed_time":0.1634749546,"remaining_time":0.03859544664},
{"learn":[0.2552649547],"iteration":809,"passed_time":0.1636305786,"remaining_time":0.0383824814},
{"learn":[0.2551628812],"iteration":810,"passed_time":0.1638289106,"remaining_time":0.03817961048},
{"learn":[0.255127056],"iteration":811,"passed_time":0.1642110747,"remaining_time":0.03801931287},
{"learn":[0.2549438659],"iteration":812,"passed_time":0.1643689487,"remaining_time":0.03780687995},
{"learn":[0.254812362],"iteration":813,"passed_time":0.1645373642,"remaining_time":0.03759698986},
{"learn":[0.2547716419],"iteration":814,"passed_time":0.1647049881,"remaining_time":0.03738702184},
{"learn":[0.254563128],"iteration":815,"passed_time":0.1649124034,"remaining_time":0.03718613018},
{"learn":[0.2544009385],"iteration":816,"passed_time":0.1650959855,"remaining_time":0.03697988415},
{"learn":[0.2543962221],"iteration":817,"passed_time":0.1652801093,"remaining_time":0.03677381405},
{"learn":[0.2543252925],"iteration":818,"passed_time":0.1655531075,"remaining_time":0.03658743889},
{"learn":[0.2541626532],"iteration":819,"passed_time":0.1657961892,"remaining_time":0.03639428543},
{"learn":[0.254158453],"iteration":820,"passed_time":0.1659849379,"remaining_time":0.0361891643},
{"learn":[0.2540448059],"iteration":821,"passed_time":0.1661032705,"remaining_time":0.03596883473},
{"learn":[0.2539227107],"iteration":822,"passed_time":0.1662898526,"remaining_time":0.03576343123},
{"learn":[0.2537557328],"iteration":823,"passed_time":0.1664388516,"remaining_time":0.03555004597},
{"learn":[0.2537480363],"iteration":824,"passed_time":0.1667218497,"remaining_time":0.03536524084},
{"learn":[0.2537453078],"iteration":825,"passed_time":0.1670084728,"remaining_time":0.03518096158},
{"learn":[0.253629078],"iteration":826,"passed_time":0.1672158464,"remaining_time":0.03497985662},
{"learn":[0.2534974592],"iteration":827,"passed_time":0.1674210534,"remaining_time":0.03477828645},
{"learn":[0.2533690266],"iteration":828,"passed_time":0.1675606358,"remaining_time":0.03456317095},
{"learn":[0.2532155422],"iteration":829,"passed_time":0.1676863433,"remaining_time":0.03434539561},
{"learn":[0.2531599259],"iteration":830,"passed_time":0.1680293827,"remaining_time":0.03417204052},
{"learn":[0.2531554828],"iteration":831,"passed_time":0.1681662151,"remaining_time":0.03395663959},
{"learn":[0.2530030325],"iteration":832,"passed_time":0.1683760887,"remaining_time":0.0337560706},
{"learn":[0.2529750906],"iteration":833,"passed_time":0.1686625451,"remaining_time":0.03357072241},
{"learn":[0.2529663352],"iteration":834,"passed_time":0.1688931686,"remaining_time":0.03337409918},
{"learn":[0.2528462391],"iteration":835,"passed_time":0.1690513759,"remaining_time":0.03316318857},
{"learn":[0.2526532542],"iteration":836,"passed_time":0.1692408329,"remaining_time":0.03295848957},
{"learn":[0.2525787228],"iteration":837,"passed_time":0.1693652488,"remaining_time":0.03274125334},
{"learn":[0.2524214154],"iteration":838,"passed_time":0.1695967056,"remaining_time":0.03254477902},
{"learn":[0.2523565854],"iteration":839,"passed_time":0.1697549129,"remaining_time":0.03233426912},
{"learn":[0.2521795139],"iteration":840,"passed_time":0.1699068702,"remaining_time":0.03212270197},
{"learn":[0.2520395313],"iteration":841,"passed_time":0.1700738274,"remaining_time":0.03191409113},
{"learn":[0.251917936],"iteration":842,"passed_time":0.170386617,"remaining_time":0.03173273887},
{"learn":[0.2518344445],"iteration":843,"passed_time":0.1706961566,"remaining_time":0.03155047444},
{"learn":[0.2517572358],"iteration":844,"passed_time":0.1708891136,"remaining_time":0.03134652381},
{"learn":[0.2515685028],"iteration":845,"passed_time":0.1710644458,"remaining_time":0.03113939085},
{"learn":[0.251437455],"iteration":846,"passed_time":0.1711935283,"remaining_time":0.03092397855},
{"learn":[0.2512833893],"iteration":847,"passed_time":0.1713579855,"remaining_time":0.03071511061},
{"learn":[0.2512018065],"iteration":848,"passed_time":0.1714964846,"remaining_time":0.03050173048},
{"learn":[0.2510834293],"iteration":849,"passed_time":0.1717336497,"remaining_time":0.03030593818},
{"learn":[0.2510141269],"iteration":850,"passed_time":0.1719764398,"remaining_time":0.03011103352},
{"learn":[0.2509033128],"iteration":851,"passed_time":0.1721443553,"remaining_time":0.02990301008},
{"learn":[0.250754525],"iteration":852,"passed_time":0.1723171458,"remaining_time":0.02969592079},
{"learn":[0.2505602794],"iteration":853,"passed_time":0.1725138528,"remaining_time":0.0294930006},
{"learn":[0.250330082],"iteration":854,"passed_time":0.17269681,"remaining_time":0.02928776309},
{"learn":[0.2502082976],"iteration":855,"passed_time":0.1728225591,"remaining_time":0.02907295387},
{"learn":[0.2502044135],"iteration":856,"passed_time":0.1729508083,"remaining_time":0.02885876964},
{"learn":[0.2501106702],"iteration":857,"passed_time":0.1730996823,"remaining_time":0.02864819917},
{"learn":[0.2499420665],"iteration":858,"passed_time":0.173297431,"remaining_time":0.02844579484},
{"learn":[0.2498403009],"iteration":859,"passed_time":0.1734423883,"remaining_time":0.0282348074},
{"learn":[0.249760561],"iteration":860,"passed_time":0.1736237205,"remaining_time":0.0280298457},
{"learn":[0.2496579979],"iteration":861,"passed_time":0.1738283441,"remaining_time":0.02782866762},
{"learn":[0.2496369472],"iteration":862,"passed_time":0.1740107179,"remaining_time":0.02762394942},
{"learn":[0.2496347087],"iteration":863,"passed_time":0.1742063833,"remaining_time":0.02742137514},
{"learn":[0.2495954129],"iteration":864,"passed_time":0.1744032986,"remaining_time":0.02721901192},
{"learn":[0.249438271],"iteration":865,"passed_time":0.174589214,"remaining_time":0.02701495922},
{"learn":[0.2494345711],"iteration":866,"passed_time":0.1747819211,"remaining_time":0.0268119902},
{"learn":[0.2493568918],"iteration":867,"passed_time":0.1750359194,"remaining_time":0.02661836562},
{"learn":[0.2492051004],"iteration":868,"passed_time":0.1752211682,"remaining_time":0.02641423824},
{"learn":[0.2490653326],"iteration":869,"passed_time":0.1754181252,"remaining_time":0.02621190377},
{"learn":[0.2490033786],"iteration":870,"passed_time":0.1756404154,"remaining_time":0.02601333362},
{"learn":[0.2489337037],"iteration":871,"passed_time":0.1759379551,"remaining_time":0.02582575487},
{"learn":[0.2488736985],"iteration":872,"passed_time":0.1762441614,"remaining_time":0.02563918499},
{"learn":[0.2487316708],"iteration":873,"passed_time":0.1764682432,"remaining_time":0.02544050188},
{"learn":[0.2485331767],"iteration":874,"passed_time":0.1766962417,"remaining_time":0.02524232024},
{"learn":[0.2483527992],"iteration":875,"passed_time":0.1769251568,"remaining_time":0.02504420028},
{"learn":[0.2483302118],"iteration":876,"passed_time":0.1770526977,"remaining_time":0.02483179226},
{"learn":[0.2482507471],"iteration":877,"passed_time":0.1772330298,"remaining_time":0.02462691302},
{"learn":[0.2481526006],"iteration":878,"passed_time":0.1775016113,"remaining_time":0.02443423774},
{"learn":[0.2479737239],"iteration":879,"passed_time":0.1777356515,"remaining_time":0.02423667974},
{"learn":[0.2477911413],"iteration":880,"passed_time":0.1779771498,"remaining_time":0.02404004635},
{"learn":[0.2476284688],"iteration":881,"passed_time":0.1781916068,"remaining_time":0.02383969342},
{"learn":[0.2474847155],"iteration":882,"passed_time":0.1783536057,"remaining_time":0.02363235772},
{"learn":[0.2473681799],"iteration":883,"passed_time":0.1786173123,"remaining_time":0.02343847084},
{"learn":[0.2472005472],"iteration":884,"passed_time":0.1794976814,"remaining_time":0.02332455747},
{"learn":[0.247142806],"iteration":885,"passed_time":0.1797406798,"remaining_time":0.02312690462},
{"learn":[0.2469629601],"iteration":886,"passed_time":0.1799278452,"remaining_time":0.02292203665},
{"learn":[0.2468809786],"iteration":887,"passed_time":0.1801482187,"remaining_time":0.02272139696},
{"learn":[0.2468650459],"iteration":888,"passed_time":0.180312801,"remaining_time":0.0225137468},
{"learn":[0.2467545],"iteration":889,"passed_time":0.1805383412,"remaining_time":0.02231372756},
{"learn":[0.2467041586],"iteration":890,"passed_time":0.1806337988,"remaining_time":0.02209773746},
{"learn":[0.2465055314],"iteration":891,"passed_time":0.1808438808,"remaining_time":0.02189589588},
{"learn":[0.2464259366],"iteration":892,"passed_time":0.1809730049,"remaining_time":0.02168433542},
{"learn":[0.2463237707],"iteration":893,"passed_time":0.1811187123,"remaining_time":0.02147492562},
{"learn":[0.2461397982],"iteration":894,"passed_time":0.1812853779,"remaining_time":0.02126811695},
{"learn":[0.2459896776],"iteration":895,"passed_time":0.1814829182,"remaining_time":0.02106498158},
{"learn":[0.2458222485],"iteration":896,"passed_time":0.1818033744,"remaining_time":0.02087597276},
{"learn":[0.2456870484],"iteration":897,"passed_time":0.1819980398,"remaining_time":0.02067238314},
{"learn":[0.2455242476],"iteration":898,"passed_time":0.1822435381,"remaining_time":0.02047452431},
{"learn":[0.2454443358],"iteration":899,"passed_time":0.1823666623,"remaining_time":0.02026296248},
{"learn":[0.2452685718],"iteration":900,"passed_time":0.1824886198,"remaining_time":0.02005146877},
{"learn":[0.2450639123],"iteration":901,"passed_time":0.1826140773,"remaining_time":0.01984055386},
{"learn":[0.245061665],"iteration":902,"passed_time":0.1829020338,"remaining_time":0.0196472838},
{"learn":[0.2449775026],"iteration":903,"passed_time":0.1830406995,"remaining_time":0.01943795039},
{"learn":[0.2448421333],"iteration":904,"passed_time":0.1831778653,"remaining_time":0.01922861569},
{"learn":[0.2447930038],"iteration":905,"passed_time":0.1832634897,"remaining_time":0.01901409275},
{"learn":[0.2447428447],"iteration":906,"passed_time":0.1834581551,"remaining_time":0.01881103464},
{"learn":[0.2445740948],"iteration":907,"passed_time":0.1836505705,"remaining_time":0.01860776705},
{"learn":[0.2444221936],"iteration":908,"passed_time":0.1838449025,"remaining_time":0.01840471521},
{"learn":[0.2442627933],"iteration":909,"passed_time":0.1840060681,"remaining_time":0.01819840234},
{"learn":[0.2441957272],"iteration":910,"passed_time":0.1841911919,"remaining_time":0.01799452917},
{"learn":[0.2440658588],"iteration":911,"passed_time":0.1843196077,"remaining_time":0.0177852253},
{"learn":[0.244012549],"iteration":912,"passed_time":0.1845652727,"remaining_time":0.01758727133},
{"learn":[0.2438306476],"iteration":913,"passed_time":0.1846857719,"remaining_time":0.01737743587},
{"learn":[0.2437631931],"iteration":914,"passed_time":0.1848480208,"remaining_time":0.01717167407},
{"learn":[0.2436257913],"iteration":915,"passed_time":0.1850337279,"remaining_time":0.01696815846},
{"learn":[0.2436227641],"iteration":916,"passed_time":0.1852770596,"remaining_time":0.01676989744},
{"learn":[0.2435508276],"iteration":917,"passed_time":0.18547285,"remaining_time":0.01656729161},
{"learn":[0.2434175112],"iteration":918,"passed_time":0.1857520148,"remaining_time":0.01637204918},
{"learn":[0.2432337455],"iteration":919,"passed_time":0.1859568468,"remaining_time":0.01617016059},
{"learn":[0.2431115561],"iteration":920,"passed_time":0.1861346789,"remaining_time":0.01596594966},
{"learn":[0.2429788596],"iteration":921,"passed_time":0.1862768863,"remaining_time":0.01575878214},
{"learn":[0.2428198678],"iteration":922,"passed_time":0.1864148437,"remaining_time":0.01555140083},
{"learn":[0.242696709],"iteration":923,"passed_time":0.1866638421,"remaining_time":0.01535330303},
{"learn":[0.2426679178],"iteration":924,"passed_time":0.1867332166,"remaining_time":0.01514053108},
{"learn":[0.2425919378],"iteration":925,"passed_time":0.1869026322,"remaining_time":0.01493606348},
{"learn":[0.2425472768],"iteration":926,"passed_time":0.1870559228,"remaining_time":0.01473040169},
{"learn":[0.2425432164],"iteration":927,"passed_time":0.1872451716,"remaining_time":0.01452764262},
{"learn":[0.2423764905],"iteration":928,"passed_time":0.1874748367,"remaining_time":0.01432800151},
{"learn":[0.2423361941],"iteration":929,"passed_time":0.1876489189,"remaining_time":0.01412411217},
{"learn":[0.242235826],"iteration":930,"passed_time":0.1878260427,"remaining_time":0.01392051229},
{"learn":[0.2421707361],"iteration":931,"passed_time":0.1879992082,"remaining_time":0.01371668043},
{"learn":[0.2421423894],"iteration":932,"passed_time":0.1881829153,"remaining_time":0.0135136713},
{"learn":[0.2419817825],"iteration":933,"passed_time":0.1884060388,"remaining_time":0.01331348883},
{"learn":[0.2418741796],"iteration":934,"passed_time":0.1885547045,"remaining_time":0.01310808106},
{"learn":[0.241747507],"iteration":935,"passed_time":0.188932577,"remaining_time":0.0129184668},
{"learn":[0.2416518043],"iteration":936,"passed_time":0.1890944093,"remaining_time":0.01271392506},
{"learn":[0.2414924036],"iteration":937,"passed_time":0.1892635331,"remaining_time":0.01250995635},
{"learn":[0.2414266576],"iteration":938,"passed_time":0.1894455319,"remaining_time":0.01230689824},
{"learn":[0.2414064665],"iteration":939,"passed_time":0.1895674894,"remaining_time":0.01210005252},
{"learn":[0.241332716],"iteration":940,"passed_time":0.1898169878,"remaining_time":0.01190138393},
{"learn":[0.2412580962],"iteration":941,"passed_time":0.1899508202,"remaining_time":0.01169548575},
{"learn":[0.2412558796],"iteration":942,"passed_time":0.1901156525,"remaining_time":0.0114916142},
{"learn":[0.2412518021],"iteration":943,"passed_time":0.1902401933,"remaining_time":0.0112854352},
{"learn":[0.2411354046],"iteration":944,"passed_time":0.1905022332,"remaining_time":0.01108743156},
{"learn":[0.241061065],"iteration":945,"passed_time":0.1906708154,"remaining_time":0.01088395775},
{"learn":[0.2408999249],"iteration":946,"passed_time":0.1909308137,"remaining_time":0.01068567384},
{"learn":[0.240804175],"iteration":947,"passed_time":0.1911281041,"remaining_time":0.01048382005},
{"learn":[0.2406956235],"iteration":948,"passed_time":0.1914478936,"remaining_time":0.01028855909},
{"learn":[0.2406678993],"iteration":949,"passed_time":0.1916252258,"remaining_time":0.0100855382},
{"learn":[0.240626946],"iteration":950,"passed_time":0.1917555166,"remaining_time":0.009880147541},
{"learn":[0.2405791018],"iteration":951,"passed_time":0.1919017656,"remaining_time":0.009675719273},
{"learn":[0.240528188],"iteration":952,"passed_time":0.1920353897,"remaining_time":0.009470790468},
{"learn":[0.2404776199],"iteration":953,"passed_time":0.1922903047,"remaining_time":0.009271859554},
{"learn":[0.2404179061],"iteration":954,"passed_time":0.1924899283,"remaining_time":0.009070206048},
{"learn":[0.2403118549],"iteration":955,"passed_time":0.1926119275,"remaining_time":0.008864984112},
{"learn":[0.2402579327],"iteration":956,"passed_time":0.19274276,"remaining_time":0.008660332999},
{"learn":[0.2401866344],"iteration":957,"passed_time":0.1929428837,"remaining_time":0.008458873814},
{"learn":[0.2401594558],"iteration":958,"passed_time":0.1930802994,"remaining_time":0.008254736471},
{"learn":[0.2400224741],"iteration":959,"passed_time":0.1933561726,"remaining_time":0.008056507191},
{"learn":[0.2398433814],"iteration":960,"passed_time":0.1935590879,"remaining_time":0.007855155492},
{"learn":[0.2396663784],"iteration":961,"passed_time":0.1937017536,"remaining_time":0.007651420621},
{"learn":[0.2396405566],"iteration":962,"passed_time":0.1937832114,"remaining_time":0.007445460875},
{"learn":[0.2395687431],"iteration":963,"passed_time":0.193948252,"remaining_time":0.007242880779},
{"learn":[0.2394396462],"iteration":964,"passed_time":0.1941415007,"remaining_time":0.00704140158},
{"learn":[0.2394364253],"iteration":965,"passed_time":0.1943666659,"remaining_time":0.006841062774},
{"learn":[0.239298324],"iteration":966,"passed_time":0.194550623,"remaining_time":0.006639266348},
{"learn":[0.239295633],"iteration":967,"passed_time":0.1946721222,"remaining_time":0.006435442055},
{"learn":[0.2392702615],"iteration":968,"passed_time":0.1947387051,"remaining_time":0.006230030812},
{"learn":[0.2391426922],"iteration":969,"passed_time":0.1948802458,"remaining_time":0.006027224096},
{"learn":[0.239016955],"iteration":970,"passed_time":0.1950304115,"remaining_time":0.005824801166},
{"learn":[0.2388629098],"iteration":971,"passed_time":0.1952154936,"remaining_time":0.005623491584},
{"learn":[0.2387893475],"iteration":972,"passed_time":0.1953440344,"remaining_time":0.00542064638},
{"learn":[0.2386429126],"iteration":973,"passed_time":0.1956310741,"remaining_time":0.00522218473},
{"learn":[0.238556465],"iteration":974,"passed_time":0.1958102396,"remaining_time":0.005020775374},
{"learn":[0.2385510038],"iteration":975,"passed_time":0.1959292388,"remaining_time":0.004817932102},
{"learn":[0.2385481876],"iteration":976,"passed_time":0.1961001543,"remaining_time":0.004616482651},
{"learn":[0.2384493459],"iteration":977,"passed_time":0.1962296535,"remaining_time":0.004414163984},
{"learn":[0.2384384969],"iteration":978,"passed_time":0.196394694,"remaining_time":0.004212756461},
{"learn":[0.2384053705],"iteration":979,"passed_time":0.1965604846,"remaining_time":0.004011438461},
{"learn":[0.2382953102],"iteration":980,"passed_time":0.1966928171,"remaining_time":0.003809544877},
{"learn":[0.2382158961],"iteration":981,"passed_time":0.1968296912,"remaining_time":0.003607876213},
{"learn":[0.2380944363],"iteration":982,"passed_time":0.1970030233,"remaining_time":0.003406969885},
{"learn":[0.2380868804],"iteration":983,"passed_time":0.1971246475,"remaining_time":0.003205278822},
{"learn":[0.2379434592],"iteration":984,"passed_time":0.1972802298,"remaining_time":0.003004267459},
{"learn":[0.2379410053],"iteration":985,"passed_time":0.1974041457,"remaining_time":0.00280289862},
{"learn":[0.2377723105],"iteration":986,"passed_time":0.1975301448,"remaining_time":0.002601714167},
{"learn":[0.2376272825],"iteration":987,"passed_time":0.1976938521,"remaining_time":0.002401139904},
{"learn":[0.2375036884],"iteration":988,"passed_time":0.1978179762,"remaining_time":0.002200199938},
{"learn":[0.2374260971],"iteration":989,"passed_time":0.197955892,"remaining_time":0.001999554465},
{"learn":[0.2372871766],"iteration":990,"passed_time":0.1980947244,"remaining_time":0.001799043915},
{"learn":[0.2372301668],"iteration":991,"passed_time":0.1982523484,"remaining_time":0.001598809261},
{"learn":[0.2370634583],"iteration":992,"passed_time":0.1983753059,"remaining_time":0.001398416053},
{"learn":[0.2369234483],"iteration":993,"passed_time":0.198501805,"remaining_time":0.00119820003},
{"learn":[0.2369027481],"iteration":994,"passed_time":0.1986970954,"remaining_time":0.0009984778663},
{"learn":[0.2368556026],"iteration":995,"passed_time":0.1988288862,"remaining_time":0.0007985095831},
{"learn":[0.236722242],"iteration":996,"passed_time":0.1989674686,"remaining_time":0.0005986985013},
{"learn":[0.2366777675],"iteration":997,"passed_time":0.1992234669,"remaining_time":0.0003992454247},
{"learn":[0.2366750456],"iteration":998,"passed_time":0.1994148406,"remaining_time":0.0001996144551},
{"learn":[0.2366003947],"iteration":999,"passed_time":0.1995552564,"remaining_time":0}
]}